"Message",Low,"Compilación iniciada."
"Message",Low,"Proyecto ""Unnamed_1"" (destinos predeterminados):"
"Message",Low,"Compilando con la versión de herramientas ""4.0""."
"Message",Low,"Destino ""PrintILCStartMessage"" en el archivo ""C:\Program Files (x86)\MSBuild\15.0\.Net\.NetNative\15.0.24211\x64\ilc\IlcInternals.targets"" del proyecto ""C:\Users\alan2\Desktop\Practica_15\Servidor\AlarmDeactivate\AlarmDeactivate\Unnamed_1"" (el destino ""Build"" depende de él):"
"Message",Low,"Usando la tarea ""IlcMessageTask"" del ensamblado ""C:\Program Files (x86)\MSBuild\15.0\.Net\.NetNative\15.0.24211\x64\ilc\ilc.exe""."
"Message",Low,"Tarea ""IlcMessageTask"""
"Message",High,"Starting .NET Native compilation"
"Message",Low,"Ejecución de la tarea ""IlcMessageTask"" terminada."
"Message",Low,"Compilación terminada del destino ""PrintILCStartMessage"" en el proyecto ""Unnamed_1""."
"Message",Low,"Destino ""RunGatekeeper"" en el archivo ""C:\Program Files (x86)\MSBuild\15.0\.Net\.NetNative\15.0.24211\x64\ilc\IlcInternals.targets"" del proyecto ""C:\Users\alan2\Desktop\Practica_15\Servidor\AlarmDeactivate\AlarmDeactivate\Unnamed_1"" (el destino ""Build"" depende de él):"
"Message",Low,"Usando la tarea ""WriteLinesToFile"" del ensamblado ""Microsoft.Build.Tasks.v4.0, Version=4.0.0.0, Culture=neutral, PublicKeyToken=b03f5f7f11d50a3a""."
"Message",Low,"Tarea ""WriteLinesToFile"""
"Message",Low,"Ejecución de la tarea ""WriteLinesToFile"" terminada."
"Message",Low,"Usando la tarea ""StartProcessTask"" del ensamblado ""Microsoft.Build.ILTasks""."
"Message",Low,"Tarea ""StartProcessTask"""
"Message",Normal,"Launching 'C:\Program Files (x86)\MSBuild\15.0\.Net\.NetNative\15.0.24211\x64\ilc\tools\Gatekeeper.exe @""C:\Users\alan2\Desktop\Practica_15\Servidor\AlarmDeactivate\AlarmDeactivate\obj\x64\Release\ilc\intermediate\gkargs.rsp""'"
"Message",Low,"Microsoft (R) .NET Native Gatekeeper Version 1.0.24211.00 "
"Message",Low,"Copyright (C) Microsoft Corporation.  All rights reserved. "
"Message",Low," "
"Message",Low,"Checking assembly 'C:\Users\alan2\Desktop\Practica_15\Servidor\AlarmDeactivate\AlarmDeactivate\obj\x64\Release\ilc\in\AlarmDeactivate.exe'. "
"Message",Normal,"'C:\Program Files (x86)\MSBuild\15.0\.Net\.NetNative\15.0.24211\x64\ilc\tools\Gatekeeper.exe @""C:\Users\alan2\Desktop\Practica_15\Servidor\AlarmDeactivate\AlarmDeactivate\obj\x64\Release\ilc\intermediate\gkargs.rsp""' completed."
"Message",Normal,"Process execution statistics (all times in milliseconds)"
"Message",Normal,"-----------------------------------------------------------------------------"
"Message",Normal,"launch  |  start   |   stop   |   end    | duration | lifetime | [slot] name"
"Message",Normal,"-----------------------------------------------------------------------------"
"Message",Normal,"      15 |      140 |     5937 |     5937 |     5797 |     5922 | [0] Gatekeeper"
"Message",Normal,"Number of commands:      1"
"Message",Normal,"Total system time:       5937 ms"
"Message",Normal,"System time per command: 5937 ms"
"Message",Normal,"Total duration:          5797 ms"
"Message",Normal,"Total lifetime:          5922 ms"
"Message",Normal,"Requested DOP:           8"
"Message",Normal,"Duration DOP:            1.0"
"Message",Normal,"Lifetime DOP:            1.0"
"Message",Low,"Ejecución de la tarea ""StartProcessTask"" terminada."
"Message",Low,"Compilación terminada del destino ""RunGatekeeper"" en el proyecto ""Unnamed_1""."
"Message",Low,"Destino ""LogAppContextSwitches"" en el archivo ""C:\Program Files (x86)\MSBuild\15.0\.Net\.NetNative\15.0.24211\x64\ilc\IlcInternals.targets"" del proyecto ""C:\Users\alan2\Desktop\Practica_15\Servidor\AlarmDeactivate\AlarmDeactivate\Unnamed_1"" (el destino ""SetMainTargetPaths"" depende de él):"
"Message",Low,"Usando la tarea ""Message"" del ensamblado ""Microsoft.Build.Tasks.v4.0, Version=4.0.0.0, Culture=neutral, PublicKeyToken=b03f5f7f11d50a3a""."
"Message",Low,"Tarea ""Message"""
"Message",Normal,"AppContextSwitch: ''"
"Message",Low,"Ejecución de la tarea ""Message"" terminada."
"Message",Low,"Compilación terminada del destino ""LogAppContextSwitches"" en el proyecto ""Unnamed_1""."
"Message",Low,"Destino ""SetMainTargetPaths"" en el archivo ""C:\Program Files (x86)\MSBuild\15.0\.Net\.NetNative\15.0.24211\x64\ilc\IlcInternals.targets"" del proyecto ""C:\Users\alan2\Desktop\Practica_15\Servidor\AlarmDeactivate\AlarmDeactivate\Unnamed_1"" (el destino ""CopyNativeExecutablesToOutput"" depende de él):"
"Message",Low,"Compilación terminada del destino ""SetMainTargetPaths"" en el proyecto ""Unnamed_1""."
"Message",Low,"Se omitió el destino ""GenerateFakeExe"" debido a una condición falsa (False); (!Exists('@(InputILTarget)')) se evaluó como (!Exists('C:\Users\alan2\Desktop\Practica_15\Servidor\AlarmDeactivate\AlarmDeactivate\obj\x64\Release\ilc\in\AlarmDeactivate.exe'))."
"Message",Low,"Se omitió el destino ""InjectCoreLibTypeForwards"" debido a una condición falsa (False); ('$(UseSharedAssemblies)' != 'true') se evaluó como ('true' != 'true')."
"Message",Low,"Destino ""InjectWindowsRuntimeTypeForwards"" en el archivo ""C:\Program Files (x86)\MSBuild\15.0\.Net\.NetNative\15.0.24211\x64\ilc\IlcInternals.targets"" del proyecto ""C:\Users\alan2\Desktop\Practica_15\Servidor\AlarmDeactivate\AlarmDeactivate\Unnamed_1"" (el destino ""RunILTransforms"" depende de él):"
"Message",Low,"Usando la tarea ""MakeDir"" del ensamblado ""Microsoft.Build.Tasks.v4.0, Version=4.0.0.0, Culture=neutral, PublicKeyToken=b03f5f7f11d50a3a""."
"Message",Low,"Tarea ""MakeDir"""
"Message",Normal,"Creando directorio ""C:\Users\alan2\Desktop\Practica_15\Servidor\AlarmDeactivate\AlarmDeactivate\obj\x64\Release\ilc\intermediate\TransformedSRWR\""."
"Message",Low,"Ejecución de la tarea ""MakeDir"" terminada."
"Message",Low,"Usando la tarea ""ILTransformTask"" del ensamblado ""Microsoft.Build.ILTasks""."
"Message",Low,"Tarea ""ILTransformTask"""
"Message",Normal,"Running 'InjectWindowsRuntimeTypeForwards' transform, heap at 8 MB."
"Message",Normal,"Running 'WriteAssemblies' transform, heap at 15 MB."
"Message",Normal,""
"Message",Normal,"Transform summary"
"Message",Normal,"    ms | heap delta | name"
"Message",Normal,"  2004 |          7 | InjectWindowsRuntimeTypeForwards"
"Message",Normal,"  1004 |          2 | WriteAssemblies"
"Message",Low,"Ejecución de la tarea ""ILTransformTask"" terminada."
"Message",Low,"Compilación terminada del destino ""InjectWindowsRuntimeTypeForwards"" en el proyecto ""Unnamed_1""."
"Message",Low,"Se omitió el destino ""InjectCoreLibTypeForwards"" debido a una condición falsa (False); ('$(UseSharedAssemblies)' != 'true') se evaluó como ('true' != 'true')."
"Message",Low,"Destino ""PreResolveTransforms"" en el archivo ""C:\Program Files (x86)\MSBuild\15.0\.Net\.NetNative\15.0.24211\x64\ilc\IlcInternals.targets"" del proyecto ""C:\Users\alan2\Desktop\Practica_15\Servidor\AlarmDeactivate\AlarmDeactivate\Unnamed_1"" (el destino ""RunILTransforms"" depende de él):"
"Message",Low,"Compilando completamente el destino ""PreResolveTransforms""."
"Message",Low,"El archivo de salida ""C:\Users\alan2\Desktop\Practica_15\Servidor\AlarmDeactivate\AlarmDeactivate\obj\x64\Release\ilc\intermediate\PreMergeILTransformed\AlarmDeactivate.exe"" no existe."
"Message",Low,"Tarea ""MakeDir"""
"Message",Normal,"Creando directorio ""C:\Users\alan2\Desktop\Practica_15\Servidor\AlarmDeactivate\AlarmDeactivate\obj\x64\Release\ilc\intermediate\PreMergeILTransformed\""."
"Message",Low,"Ejecución de la tarea ""MakeDir"" terminada."
"Message",Low,"Tarea ""Message"""
"Message",Normal,"Running AssemblyClosureTask in PreResolveTransforms"
"Message",Low,"Ejecución de la tarea ""Message"" terminada."
"Message",Low,"Usando la tarea ""AssemblyClosureTask"" del ensamblado ""Microsoft.Build.ILTasks""."
"Message",Low,"Tarea ""AssemblyClosureTask"""
"Message",Low,"Ejecución de la tarea ""AssemblyClosureTask"" terminada."
"Message",Low,"Tarea ""ILTransformTask"""
"Message",Normal,"Running 'ResolveSelfReferences' transform, heap at 25 MB."
"Message",Normal,"Running 'RemoveDuplicateMembers' transform, heap at 35 MB."
"Message",Normal,"Running 'PortableLib' transform, heap at 36 MB."
"Message",Normal,"Running 'WriteAssemblies' transform, heap at 36 MB."
"Message",Normal,""
"Message",Normal,"Transform summary"
"Message",Normal,"    ms | heap delta | name"
"Message",Normal,"   366 |         10 | ResolveSelfReferences"
"Message",Normal,"    18 |          0 | PortableLib"
"Message",Normal,"    17 |          1 | RemoveDuplicateMembers"
"Message",Normal,"     0 |          0 | WriteAssemblies"
"Message",Low,"Ejecución de la tarea ""ILTransformTask"" terminada."
"Message",Low,"Usando la tarea ""Copy"" del ensamblado ""Microsoft.Build.Tasks.v4.0, Version=4.0.0.0, Culture=neutral, PublicKeyToken=b03f5f7f11d50a3a""."
"Message",Low,"Tarea ""Copy"""
"Message",Normal,"Copiando el archivo de ""C:\Users\alan2\Desktop\Practica_15\Servidor\AlarmDeactivate\AlarmDeactivate\obj\x64\Release\ilc\in\AlarmDeactivate.pdb"" en ""C:\Users\alan2\Desktop\Practica_15\Servidor\AlarmDeactivate\AlarmDeactivate\obj\x64\Release\ilc\intermediate\PreMergeILTransformed\AlarmDeactivate.pdb""."
"Message",Low,"Ejecución de la tarea ""Copy"" terminada."
"Message",Low,"Tarea ""Copy"""
"Message",Normal,"Copiando el archivo de ""C:\Users\alan2\Desktop\Practica_15\Servidor\AlarmDeactivate\AlarmDeactivate\obj\x64\Release\ilc\in\AlarmDeactivate.exe"" en ""C:\Users\alan2\Desktop\Practica_15\Servidor\AlarmDeactivate\AlarmDeactivate\obj\x64\Release\ilc\intermediate\PreMergeILTransformed\AlarmDeactivate.exe""."
"Message",Low,"Ejecución de la tarea ""Copy"" terminada."
"Message",Low,"Se omitió la tarea ""Copy"" debido a una condición falsa (False); ('$(HasMcgPatchDlls)'=='true') se evaluó como (''=='true')."
"Message",Low,"Compilación terminada del destino ""PreResolveTransforms"" en el proyecto ""Unnamed_1""."
"Message",Low,"Destino ""InitInputResourceName"" en el archivo ""C:\Program Files (x86)\MSBuild\15.0\.Net\.NetNative\15.0.24211\x64\ilc\IlcInternals.targets"" del proyecto ""C:\Users\alan2\Desktop\Practica_15\Servidor\AlarmDeactivate\AlarmDeactivate\Unnamed_1"" (el destino ""RunILTransforms"" depende de él):"
"Message",Low,"Se omitió la tarea ""ResolveFilePathTask"" debido a una condición falsa (False); ('$(InputPath)' != '' and Exists('$(InputPath)\obj\')) se evaluó como ('C:\Users\alan2\Desktop\Practica_15\Servidor\AlarmDeactivate\AlarmDeactivate\obj\x64\Release\ilc\in' != '' and Exists('C:\Users\alan2\Desktop\Practica_15\Servidor\AlarmDeactivate\AlarmDeactivate\obj\x64\Release\ilc\in\obj\'))."
"Message",Low,"Usando la tarea ""ResolveFilePathTask"" del ensamblado ""Microsoft.Build.ILTasks""."
"Message",Low,"Tarea ""ResolveFilePathTask"""
"Message",Low,"Ejecución de la tarea ""ResolveFilePathTask"" terminada."
"Message",Low,"Compilación terminada del destino ""InitInputResourceName"" en el proyecto ""Unnamed_1""."
"Message",Low,"Se omitió el destino ""PreResolveTransforms"". Compilado previamente de forma correcta."
"Message",Low,"Destino ""SetForSharedInputs"" en el archivo ""C:\Program Files (x86)\MSBuild\15.0\.Net\.NetNative\15.0.24211\x64\ilc\IlcInternals.targets"" del proyecto ""C:\Users\alan2\Desktop\Practica_15\Servidor\AlarmDeactivate\AlarmDeactivate\Unnamed_1"" (el destino ""ResolveInitialReferences"" depende de él):"
"Message",Low,"Compilando completamente el destino ""SetForSharedInputs""."
"Message",Low,"No se especificaron archivos de entrada."
"Message",Low,"Se omitió la tarea ""IlcErrorTask"" debido a una condición falsa (False); (!Exists('$(InputSharedAssemblyListPath)')) se evaluó como (!Exists('C:\Program Files (x86)\Microsoft SDKs\Windows Kits\10\ExtensionSDKs\Microsoft.NET.Native.Framework.1.3\1.3\x64\ret\SharedAssemblyList.txt'))."
"Message",Low,"Usando la tarea ""ReadLinesFromFile"" del ensamblado ""Microsoft.Build.Tasks.v4.0, Version=4.0.0.0, Culture=neutral, PublicKeyToken=b03f5f7f11d50a3a""."
"Message",Low,"Tarea ""ReadLinesFromFile"""
"Message",Low,"Ejecución de la tarea ""ReadLinesFromFile"" terminada."
"Message",Low,"Se omitió la tarea ""IlcErrorTask"" debido a una condición falsa (False); (!Exists('$(InputSharedAssemblyPath)\%(SharedLibraryContent.Identity)')) se evaluó como (!Exists('C:\Program Files (x86)\Microsoft SDKs\Windows Kits\10\ExtensionSDKs\Microsoft.NET.Native.Framework.1.3\1.3\x64\ret\SharedAssemblyILMergeInfo.csv'))."
"Message",Low,"Se omitió la tarea ""IlcErrorTask"" debido a una condición falsa (False); (!Exists('$(InputSharedAssemblyPath)\%(SharedLibraryContent.Identity)')) se evaluó como (!Exists('C:\Program Files (x86)\Microsoft SDKs\Windows Kits\10\ExtensionSDKs\Microsoft.NET.Native.Framework.1.3\1.3\x64\ret\SharedLibrary.iltransformtoc.ildll'))."
"Message",Low,"Se omitió la tarea ""IlcErrorTask"" debido a una condición falsa (False); (!Exists('$(InputSharedAssemblyPath)\%(SharedLibraryContent.Identity)')) se evaluó como (!Exists('C:\Program Files (x86)\Microsoft SDKs\Windows Kits\10\ExtensionSDKs\Microsoft.NET.Native.Framework.1.3\1.3\x64\ret\AnalysisILToc\System.Collections.iltoc'))."
"Message",Low,"Se omitió la tarea ""IlcErrorTask"" debido a una condición falsa (False); (!Exists('$(InputSharedAssemblyPath)\%(SharedLibraryContent.Identity)')) se evaluó como (!Exists('C:\Program Files (x86)\Microsoft SDKs\Windows Kits\10\ExtensionSDKs\Microsoft.NET.Native.Framework.1.3\1.3\x64\ret\AnalysisILToc\System.Collections.Concurrent.iltoc'))."
"Message",Low,"Se omitió la tarea ""IlcErrorTask"" debido a una condición falsa (False); (!Exists('$(InputSharedAssemblyPath)\%(SharedLibraryContent.Identity)')) se evaluó como (!Exists('C:\Program Files (x86)\Microsoft SDKs\Windows Kits\10\ExtensionSDKs\Microsoft.NET.Native.Framework.1.3\1.3\x64\ret\AnalysisILToc\System.Diagnostics.Tracing.iltoc'))."
"Message",Low,"Se omitió la tarea ""IlcErrorTask"" debido a una condición falsa (False); (!Exists('$(InputSharedAssemblyPath)\%(SharedLibraryContent.Identity)')) se evaluó como (!Exists('C:\Program Files (x86)\Microsoft SDKs\Windows Kits\10\ExtensionSDKs\Microsoft.NET.Native.Framework.1.3\1.3\x64\ret\AnalysisILToc\System.Dynamic.Runtime.iltoc'))."
"Message",Low,"Se omitió la tarea ""IlcErrorTask"" debido a una condición falsa (False); (!Exists('$(InputSharedAssemblyPath)\%(SharedLibraryContent.Identity)')) se evaluó como (!Exists('C:\Program Files (x86)\Microsoft SDKs\Windows Kits\10\ExtensionSDKs\Microsoft.NET.Native.Framework.1.3\1.3\x64\ret\AnalysisILToc\System.IO.iltoc'))."
"Message",Low,"Se omitió la tarea ""IlcErrorTask"" debido a una condición falsa (False); (!Exists('$(InputSharedAssemblyPath)\%(SharedLibraryContent.Identity)')) se evaluó como (!Exists('C:\Program Files (x86)\Microsoft SDKs\Windows Kits\10\ExtensionSDKs\Microsoft.NET.Native.Framework.1.3\1.3\x64\ret\AnalysisILToc\System.Linq.iltoc'))."
"Message",Low,"Se omitió la tarea ""IlcErrorTask"" debido a una condición falsa (False); (!Exists('$(InputSharedAssemblyPath)\%(SharedLibraryContent.Identity)')) se evaluó como (!Exists('C:\Program Files (x86)\Microsoft SDKs\Windows Kits\10\ExtensionSDKs\Microsoft.NET.Native.Framework.1.3\1.3\x64\ret\AnalysisILToc\System.Linq.Expressions.iltoc'))."
"Message",Low,"Se omitió la tarea ""IlcErrorTask"" debido a una condición falsa (False); (!Exists('$(InputSharedAssemblyPath)\%(SharedLibraryContent.Identity)')) se evaluó como (!Exists('C:\Program Files (x86)\Microsoft SDKs\Windows Kits\10\ExtensionSDKs\Microsoft.NET.Native.Framework.1.3\1.3\x64\ret\AnalysisILToc\System.ObjectModel.iltoc'))."
"Message",Low,"Se omitió la tarea ""IlcErrorTask"" debido a una condición falsa (False); (!Exists('$(InputSharedAssemblyPath)\%(SharedLibraryContent.Identity)')) se evaluó como (!Exists('C:\Program Files (x86)\Microsoft SDKs\Windows Kits\10\ExtensionSDKs\Microsoft.NET.Native.Framework.1.3\1.3\x64\ret\AnalysisILToc\System.Private.CoreLib.iltoc'))."
"Message",Low,"Se omitió la tarea ""IlcErrorTask"" debido a una condición falsa (False); (!Exists('$(InputSharedAssemblyPath)\%(SharedLibraryContent.Identity)')) se evaluó como (!Exists('C:\Program Files (x86)\Microsoft SDKs\Windows Kits\10\ExtensionSDKs\Microsoft.NET.Native.Framework.1.3\1.3\x64\ret\AnalysisILToc\System.Private.Interop.iltoc'))."
"Message",Low,"Se omitió la tarea ""IlcErrorTask"" debido a una condición falsa (False); (!Exists('$(InputSharedAssemblyPath)\%(SharedLibraryContent.Identity)')) se evaluó como (!Exists('C:\Program Files (x86)\Microsoft SDKs\Windows Kits\10\ExtensionSDKs\Microsoft.NET.Native.Framework.1.3\1.3\x64\ret\AnalysisILToc\System.Private.Reflection.iltoc'))."
"Message",Low,"Se omitió la tarea ""IlcErrorTask"" debido a una condición falsa (False); (!Exists('$(InputSharedAssemblyPath)\%(SharedLibraryContent.Identity)')) se evaluó como (!Exists('C:\Program Files (x86)\Microsoft SDKs\Windows Kits\10\ExtensionSDKs\Microsoft.NET.Native.Framework.1.3\1.3\x64\ret\AnalysisILToc\System.Private.Reflection.Core.iltoc'))."
"Message",Low,"Se omitió la tarea ""IlcErrorTask"" debido a una condición falsa (False); (!Exists('$(InputSharedAssemblyPath)\%(SharedLibraryContent.Identity)')) se evaluó como (!Exists('C:\Program Files (x86)\Microsoft SDKs\Windows Kits\10\ExtensionSDKs\Microsoft.NET.Native.Framework.1.3\1.3\x64\ret\AnalysisILToc\System.Private.Reflection.Execution.iltoc'))."
"Message",Low,"Se omitió la tarea ""IlcErrorTask"" debido a una condición falsa (False); (!Exists('$(InputSharedAssemblyPath)\%(SharedLibraryContent.Identity)')) se evaluó como (!Exists('C:\Program Files (x86)\Microsoft SDKs\Windows Kits\10\ExtensionSDKs\Microsoft.NET.Native.Framework.1.3\1.3\x64\ret\AnalysisILToc\System.Private.Reflection.Metadata.iltoc'))."
"Message",Low,"Se omitió la tarea ""IlcErrorTask"" debido a una condición falsa (False); (!Exists('$(InputSharedAssemblyPath)\%(SharedLibraryContent.Identity)')) se evaluó como (!Exists('C:\Program Files (x86)\Microsoft SDKs\Windows Kits\10\ExtensionSDKs\Microsoft.NET.Native.Framework.1.3\1.3\x64\ret\AnalysisILToc\System.Private.Threading.iltoc'))."
"Message",Low,"Se omitió la tarea ""IlcErrorTask"" debido a una condición falsa (False); (!Exists('$(InputSharedAssemblyPath)\%(SharedLibraryContent.Identity)')) se evaluó como (!Exists('C:\Program Files (x86)\Microsoft SDKs\Windows Kits\10\ExtensionSDKs\Microsoft.NET.Native.Framework.1.3\1.3\x64\ret\AnalysisILToc\System.Private.TypeLoader.iltoc'))."
"Message",Low,"Se omitió la tarea ""IlcErrorTask"" debido a una condición falsa (False); (!Exists('$(InputSharedAssemblyPath)\%(SharedLibraryContent.Identity)')) se evaluó como (!Exists('C:\Program Files (x86)\Microsoft SDKs\Windows Kits\10\ExtensionSDKs\Microsoft.NET.Native.Framework.1.3\1.3\x64\ret\AnalysisILToc\System.Private.Uri.iltoc'))."
"Message",Low,"Se omitió la tarea ""IlcErrorTask"" debido a una condición falsa (False); (!Exists('$(InputSharedAssemblyPath)\%(SharedLibraryContent.Identity)')) se evaluó como (!Exists('C:\Program Files (x86)\Microsoft SDKs\Windows Kits\10\ExtensionSDKs\Microsoft.NET.Native.Framework.1.3\1.3\x64\ret\AnalysisILToc\System.Reflection.Extensions.iltoc'))."
"Message",Low,"Se omitió la tarea ""IlcErrorTask"" debido a una condición falsa (False); (!Exists('$(InputSharedAssemblyPath)\%(SharedLibraryContent.Identity)')) se evaluó como (!Exists('C:\Program Files (x86)\Microsoft SDKs\Windows Kits\10\ExtensionSDKs\Microsoft.NET.Native.Framework.1.3\1.3\x64\ret\AnalysisILToc\System.Reflection.Primitives.iltoc'))."
"Message",Low,"Se omitió la tarea ""IlcErrorTask"" debido a una condición falsa (False); (!Exists('$(InputSharedAssemblyPath)\%(SharedLibraryContent.Identity)')) se evaluó como (!Exists('C:\Program Files (x86)\Microsoft SDKs\Windows Kits\10\ExtensionSDKs\Microsoft.NET.Native.Framework.1.3\1.3\x64\ret\AnalysisILToc\System.Reflection.TypeExtensions.iltoc'))."
"Message",Low,"Se omitió la tarea ""IlcErrorTask"" debido a una condición falsa (False); (!Exists('$(InputSharedAssemblyPath)\%(SharedLibraryContent.Identity)')) se evaluó como (!Exists('C:\Program Files (x86)\Microsoft SDKs\Windows Kits\10\ExtensionSDKs\Microsoft.NET.Native.Framework.1.3\1.3\x64\ret\AnalysisILToc\System.Resources.ResourceManager.iltoc'))."
"Message",Low,"Se omitió la tarea ""IlcErrorTask"" debido a una condición falsa (False); (!Exists('$(InputSharedAssemblyPath)\%(SharedLibraryContent.Identity)')) se evaluó como (!Exists('C:\Program Files (x86)\Microsoft SDKs\Windows Kits\10\ExtensionSDKs\Microsoft.NET.Native.Framework.1.3\1.3\x64\ret\AnalysisILToc\System.Runtime.Extensions.iltoc'))."
"Message",Low,"Se omitió la tarea ""IlcErrorTask"" debido a una condición falsa (False); (!Exists('$(InputSharedAssemblyPath)\%(SharedLibraryContent.Identity)')) se evaluó como (!Exists('C:\Program Files (x86)\Microsoft SDKs\Windows Kits\10\ExtensionSDKs\Microsoft.NET.Native.Framework.1.3\1.3\x64\ret\AnalysisILToc\System.Runtime.Implementation.iltoc'))."
"Message",Low,"Se omitió la tarea ""IlcErrorTask"" debido a una condición falsa (False); (!Exists('$(InputSharedAssemblyPath)\%(SharedLibraryContent.Identity)')) se evaluó como (!Exists('C:\Program Files (x86)\Microsoft SDKs\Windows Kits\10\ExtensionSDKs\Microsoft.NET.Native.Framework.1.3\1.3\x64\ret\AnalysisILToc\System.Text.RegularExpressions.iltoc'))."
"Message",Low,"Se omitió la tarea ""IlcErrorTask"" debido a una condición falsa (False); (!Exists('$(InputSharedAssemblyPath)\%(SharedLibraryContent.Identity)')) se evaluó como (!Exists('C:\Program Files (x86)\Microsoft SDKs\Windows Kits\10\ExtensionSDKs\Microsoft.NET.Native.Framework.1.3\1.3\x64\ret\AnalysisILToc\System.Private.SharedLibrary.Interop.Generated.iltoc'))."
"Message",Low,"Se omitió la tarea ""IlcErrorTask"" debido a una condición falsa (False); (!Exists('$(InputSharedAssemblyPath)\%(SharedLibraryContent.Identity)')) se evaluó como (!Exists('C:\Program Files (x86)\Microsoft SDKs\Windows Kits\10\ExtensionSDKs\Microsoft.NET.Native.Framework.1.3\1.3\x64\ret\AnalysisILToc\System.Collections.iltocpdb'))."
"Message",Low,"Se omitió la tarea ""IlcErrorTask"" debido a una condición falsa (False); (!Exists('$(InputSharedAssemblyPath)\%(SharedLibraryContent.Identity)')) se evaluó como (!Exists('C:\Program Files (x86)\Microsoft SDKs\Windows Kits\10\ExtensionSDKs\Microsoft.NET.Native.Framework.1.3\1.3\x64\ret\AnalysisILToc\System.Collections.Concurrent.iltocpdb'))."
"Message",Low,"Se omitió la tarea ""IlcErrorTask"" debido a una condición falsa (False); (!Exists('$(InputSharedAssemblyPath)\%(SharedLibraryContent.Identity)')) se evaluó como (!Exists('C:\Program Files (x86)\Microsoft SDKs\Windows Kits\10\ExtensionSDKs\Microsoft.NET.Native.Framework.1.3\1.3\x64\ret\AnalysisILToc\System.Diagnostics.Tracing.iltocpdb'))."
"Message",Low,"Se omitió la tarea ""IlcErrorTask"" debido a una condición falsa (False); (!Exists('$(InputSharedAssemblyPath)\%(SharedLibraryContent.Identity)')) se evaluó como (!Exists('C:\Program Files (x86)\Microsoft SDKs\Windows Kits\10\ExtensionSDKs\Microsoft.NET.Native.Framework.1.3\1.3\x64\ret\AnalysisILToc\System.Dynamic.Runtime.iltocpdb'))."
"Message",Low,"Se omitió la tarea ""IlcErrorTask"" debido a una condición falsa (False); (!Exists('$(InputSharedAssemblyPath)\%(SharedLibraryContent.Identity)')) se evaluó como (!Exists('C:\Program Files (x86)\Microsoft SDKs\Windows Kits\10\ExtensionSDKs\Microsoft.NET.Native.Framework.1.3\1.3\x64\ret\AnalysisILToc\System.IO.iltocpdb'))."
"Message",Low,"Se omitió la tarea ""IlcErrorTask"" debido a una condición falsa (False); (!Exists('$(InputSharedAssemblyPath)\%(SharedLibraryContent.Identity)')) se evaluó como (!Exists('C:\Program Files (x86)\Microsoft SDKs\Windows Kits\10\ExtensionSDKs\Microsoft.NET.Native.Framework.1.3\1.3\x64\ret\AnalysisILToc\System.Linq.iltocpdb'))."
"Message",Low,"Se omitió la tarea ""IlcErrorTask"" debido a una condición falsa (False); (!Exists('$(InputSharedAssemblyPath)\%(SharedLibraryContent.Identity)')) se evaluó como (!Exists('C:\Program Files (x86)\Microsoft SDKs\Windows Kits\10\ExtensionSDKs\Microsoft.NET.Native.Framework.1.3\1.3\x64\ret\AnalysisILToc\System.Linq.Expressions.iltocpdb'))."
"Message",Low,"Se omitió la tarea ""IlcErrorTask"" debido a una condición falsa (False); (!Exists('$(InputSharedAssemblyPath)\%(SharedLibraryContent.Identity)')) se evaluó como (!Exists('C:\Program Files (x86)\Microsoft SDKs\Windows Kits\10\ExtensionSDKs\Microsoft.NET.Native.Framework.1.3\1.3\x64\ret\AnalysisILToc\System.ObjectModel.iltocpdb'))."
"Message",Low,"Se omitió la tarea ""IlcErrorTask"" debido a una condición falsa (False); (!Exists('$(InputSharedAssemblyPath)\%(SharedLibraryContent.Identity)')) se evaluó como (!Exists('C:\Program Files (x86)\Microsoft SDKs\Windows Kits\10\ExtensionSDKs\Microsoft.NET.Native.Framework.1.3\1.3\x64\ret\AnalysisILToc\System.Private.CoreLib.iltocpdb'))."
"Message",Low,"Se omitió la tarea ""IlcErrorTask"" debido a una condición falsa (False); (!Exists('$(InputSharedAssemblyPath)\%(SharedLibraryContent.Identity)')) se evaluó como (!Exists('C:\Program Files (x86)\Microsoft SDKs\Windows Kits\10\ExtensionSDKs\Microsoft.NET.Native.Framework.1.3\1.3\x64\ret\AnalysisILToc\System.Private.Interop.iltocpdb'))."
"Message",Low,"Se omitió la tarea ""IlcErrorTask"" debido a una condición falsa (False); (!Exists('$(InputSharedAssemblyPath)\%(SharedLibraryContent.Identity)')) se evaluó como (!Exists('C:\Program Files (x86)\Microsoft SDKs\Windows Kits\10\ExtensionSDKs\Microsoft.NET.Native.Framework.1.3\1.3\x64\ret\AnalysisILToc\System.Private.Reflection.iltocpdb'))."
"Message",Low,"Se omitió la tarea ""IlcErrorTask"" debido a una condición falsa (False); (!Exists('$(InputSharedAssemblyPath)\%(SharedLibraryContent.Identity)')) se evaluó como (!Exists('C:\Program Files (x86)\Microsoft SDKs\Windows Kits\10\ExtensionSDKs\Microsoft.NET.Native.Framework.1.3\1.3\x64\ret\AnalysisILToc\System.Private.Reflection.Core.iltocpdb'))."
"Message",Low,"Se omitió la tarea ""IlcErrorTask"" debido a una condición falsa (False); (!Exists('$(InputSharedAssemblyPath)\%(SharedLibraryContent.Identity)')) se evaluó como (!Exists('C:\Program Files (x86)\Microsoft SDKs\Windows Kits\10\ExtensionSDKs\Microsoft.NET.Native.Framework.1.3\1.3\x64\ret\AnalysisILToc\System.Private.Reflection.Execution.iltocpdb'))."
"Message",Low,"Se omitió la tarea ""IlcErrorTask"" debido a una condición falsa (False); (!Exists('$(InputSharedAssemblyPath)\%(SharedLibraryContent.Identity)')) se evaluó como (!Exists('C:\Program Files (x86)\Microsoft SDKs\Windows Kits\10\ExtensionSDKs\Microsoft.NET.Native.Framework.1.3\1.3\x64\ret\AnalysisILToc\System.Private.Reflection.Metadata.iltocpdb'))."
"Message",Low,"Se omitió la tarea ""IlcErrorTask"" debido a una condición falsa (False); (!Exists('$(InputSharedAssemblyPath)\%(SharedLibraryContent.Identity)')) se evaluó como (!Exists('C:\Program Files (x86)\Microsoft SDKs\Windows Kits\10\ExtensionSDKs\Microsoft.NET.Native.Framework.1.3\1.3\x64\ret\AnalysisILToc\System.Private.Threading.iltocpdb'))."
"Message",Low,"Se omitió la tarea ""IlcErrorTask"" debido a una condición falsa (False); (!Exists('$(InputSharedAssemblyPath)\%(SharedLibraryContent.Identity)')) se evaluó como (!Exists('C:\Program Files (x86)\Microsoft SDKs\Windows Kits\10\ExtensionSDKs\Microsoft.NET.Native.Framework.1.3\1.3\x64\ret\AnalysisILToc\System.Private.TypeLoader.iltocpdb'))."
"Message",Low,"Se omitió la tarea ""IlcErrorTask"" debido a una condición falsa (False); (!Exists('$(InputSharedAssemblyPath)\%(SharedLibraryContent.Identity)')) se evaluó como (!Exists('C:\Program Files (x86)\Microsoft SDKs\Windows Kits\10\ExtensionSDKs\Microsoft.NET.Native.Framework.1.3\1.3\x64\ret\AnalysisILToc\System.Private.Uri.iltocpdb'))."
"Message",Low,"Se omitió la tarea ""IlcErrorTask"" debido a una condición falsa (False); (!Exists('$(InputSharedAssemblyPath)\%(SharedLibraryContent.Identity)')) se evaluó como (!Exists('C:\Program Files (x86)\Microsoft SDKs\Windows Kits\10\ExtensionSDKs\Microsoft.NET.Native.Framework.1.3\1.3\x64\ret\AnalysisILToc\System.Reflection.Extensions.iltocpdb'))."
"Message",Low,"Se omitió la tarea ""IlcErrorTask"" debido a una condición falsa (False); (!Exists('$(InputSharedAssemblyPath)\%(SharedLibraryContent.Identity)')) se evaluó como (!Exists('C:\Program Files (x86)\Microsoft SDKs\Windows Kits\10\ExtensionSDKs\Microsoft.NET.Native.Framework.1.3\1.3\x64\ret\AnalysisILToc\System.Reflection.Primitives.iltocpdb'))."
"Message",Low,"Se omitió la tarea ""IlcErrorTask"" debido a una condición falsa (False); (!Exists('$(InputSharedAssemblyPath)\%(SharedLibraryContent.Identity)')) se evaluó como (!Exists('C:\Program Files (x86)\Microsoft SDKs\Windows Kits\10\ExtensionSDKs\Microsoft.NET.Native.Framework.1.3\1.3\x64\ret\AnalysisILToc\System.Reflection.TypeExtensions.iltocpdb'))."
"Message",Low,"Se omitió la tarea ""IlcErrorTask"" debido a una condición falsa (False); (!Exists('$(InputSharedAssemblyPath)\%(SharedLibraryContent.Identity)')) se evaluó como (!Exists('C:\Program Files (x86)\Microsoft SDKs\Windows Kits\10\ExtensionSDKs\Microsoft.NET.Native.Framework.1.3\1.3\x64\ret\AnalysisILToc\System.Resources.ResourceManager.iltocpdb'))."
"Message",Low,"Se omitió la tarea ""IlcErrorTask"" debido a una condición falsa (False); (!Exists('$(InputSharedAssemblyPath)\%(SharedLibraryContent.Identity)')) se evaluó como (!Exists('C:\Program Files (x86)\Microsoft SDKs\Windows Kits\10\ExtensionSDKs\Microsoft.NET.Native.Framework.1.3\1.3\x64\ret\AnalysisILToc\System.Runtime.Extensions.iltocpdb'))."
"Message",Low,"Se omitió la tarea ""IlcErrorTask"" debido a una condición falsa (False); (!Exists('$(InputSharedAssemblyPath)\%(SharedLibraryContent.Identity)')) se evaluó como (!Exists('C:\Program Files (x86)\Microsoft SDKs\Windows Kits\10\ExtensionSDKs\Microsoft.NET.Native.Framework.1.3\1.3\x64\ret\AnalysisILToc\System.Runtime.Implementation.iltocpdb'))."
"Message",Low,"Se omitió la tarea ""IlcErrorTask"" debido a una condición falsa (False); (!Exists('$(InputSharedAssemblyPath)\%(SharedLibraryContent.Identity)')) se evaluó como (!Exists('C:\Program Files (x86)\Microsoft SDKs\Windows Kits\10\ExtensionSDKs\Microsoft.NET.Native.Framework.1.3\1.3\x64\ret\AnalysisILToc\System.Text.RegularExpressions.iltocpdb'))."
"Message",Low,"Se omitió la tarea ""IlcErrorTask"" debido a una condición falsa (False); (!Exists('$(InputSharedAssemblyPath)\%(SharedLibraryContent.Identity)')) se evaluó como (!Exists('C:\Program Files (x86)\Microsoft SDKs\Windows Kits\10\ExtensionSDKs\Microsoft.NET.Native.Framework.1.3\1.3\x64\ret\AnalysisILToc\System.Private.SharedLibrary.Interop.Generated.iltocpdb'))."
"Message",Low,"Se omitió la tarea ""IlcErrorTask"" debido a una condición falsa (False); (!Exists('$(InputSharedAssemblyPath)\%(SharedLibraryContent.Identity)')) se evaluó como (!Exists('C:\Program Files (x86)\Microsoft SDKs\Windows Kits\10\ExtensionSDKs\Microsoft.NET.Native.Framework.1.3\1.3\x64\ret\ILToc\System.Collections.iltoc'))."
"Message",Low,"Se omitió la tarea ""IlcErrorTask"" debido a una condición falsa (False); (!Exists('$(InputSharedAssemblyPath)\%(SharedLibraryContent.Identity)')) se evaluó como (!Exists('C:\Program Files (x86)\Microsoft SDKs\Windows Kits\10\ExtensionSDKs\Microsoft.NET.Native.Framework.1.3\1.3\x64\ret\ILToc\System.Collections.Concurrent.iltoc'))."
"Message",Low,"Se omitió la tarea ""IlcErrorTask"" debido a una condición falsa (False); (!Exists('$(InputSharedAssemblyPath)\%(SharedLibraryContent.Identity)')) se evaluó como (!Exists('C:\Program Files (x86)\Microsoft SDKs\Windows Kits\10\ExtensionSDKs\Microsoft.NET.Native.Framework.1.3\1.3\x64\ret\ILToc\System.Diagnostics.Tracing.iltoc'))."
"Message",Low,"Se omitió la tarea ""IlcErrorTask"" debido a una condición falsa (False); (!Exists('$(InputSharedAssemblyPath)\%(SharedLibraryContent.Identity)')) se evaluó como (!Exists('C:\Program Files (x86)\Microsoft SDKs\Windows Kits\10\ExtensionSDKs\Microsoft.NET.Native.Framework.1.3\1.3\x64\ret\ILToc\System.Dynamic.Runtime.iltoc'))."
"Message",Low,"Se omitió la tarea ""IlcErrorTask"" debido a una condición falsa (False); (!Exists('$(InputSharedAssemblyPath)\%(SharedLibraryContent.Identity)')) se evaluó como (!Exists('C:\Program Files (x86)\Microsoft SDKs\Windows Kits\10\ExtensionSDKs\Microsoft.NET.Native.Framework.1.3\1.3\x64\ret\ILToc\System.IO.iltoc'))."
"Message",Low,"Se omitió la tarea ""IlcErrorTask"" debido a una condición falsa (False); (!Exists('$(InputSharedAssemblyPath)\%(SharedLibraryContent.Identity)')) se evaluó como (!Exists('C:\Program Files (x86)\Microsoft SDKs\Windows Kits\10\ExtensionSDKs\Microsoft.NET.Native.Framework.1.3\1.3\x64\ret\ILToc\System.Linq.iltoc'))."
"Message",Low,"Se omitió la tarea ""IlcErrorTask"" debido a una condición falsa (False); (!Exists('$(InputSharedAssemblyPath)\%(SharedLibraryContent.Identity)')) se evaluó como (!Exists('C:\Program Files (x86)\Microsoft SDKs\Windows Kits\10\ExtensionSDKs\Microsoft.NET.Native.Framework.1.3\1.3\x64\ret\ILToc\System.Linq.Expressions.iltoc'))."
"Message",Low,"Se omitió la tarea ""IlcErrorTask"" debido a una condición falsa (False); (!Exists('$(InputSharedAssemblyPath)\%(SharedLibraryContent.Identity)')) se evaluó como (!Exists('C:\Program Files (x86)\Microsoft SDKs\Windows Kits\10\ExtensionSDKs\Microsoft.NET.Native.Framework.1.3\1.3\x64\ret\ILToc\System.ObjectModel.iltoc'))."
"Message",Low,"Se omitió la tarea ""IlcErrorTask"" debido a una condición falsa (False); (!Exists('$(InputSharedAssemblyPath)\%(SharedLibraryContent.Identity)')) se evaluó como (!Exists('C:\Program Files (x86)\Microsoft SDKs\Windows Kits\10\ExtensionSDKs\Microsoft.NET.Native.Framework.1.3\1.3\x64\ret\ILToc\System.Private.CoreLib.iltoc'))."
"Message",Low,"Se omitió la tarea ""IlcErrorTask"" debido a una condición falsa (False); (!Exists('$(InputSharedAssemblyPath)\%(SharedLibraryContent.Identity)')) se evaluó como (!Exists('C:\Program Files (x86)\Microsoft SDKs\Windows Kits\10\ExtensionSDKs\Microsoft.NET.Native.Framework.1.3\1.3\x64\ret\ILToc\System.Private.Interop.iltoc'))."
"Message",Low,"Se omitió la tarea ""IlcErrorTask"" debido a una condición falsa (False); (!Exists('$(InputSharedAssemblyPath)\%(SharedLibraryContent.Identity)')) se evaluó como (!Exists('C:\Program Files (x86)\Microsoft SDKs\Windows Kits\10\ExtensionSDKs\Microsoft.NET.Native.Framework.1.3\1.3\x64\ret\ILToc\System.Private.Reflection.iltoc'))."
"Message",Low,"Se omitió la tarea ""IlcErrorTask"" debido a una condición falsa (False); (!Exists('$(InputSharedAssemblyPath)\%(SharedLibraryContent.Identity)')) se evaluó como (!Exists('C:\Program Files (x86)\Microsoft SDKs\Windows Kits\10\ExtensionSDKs\Microsoft.NET.Native.Framework.1.3\1.3\x64\ret\ILToc\System.Private.Reflection.Core.iltoc'))."
"Message",Low,"Se omitió la tarea ""IlcErrorTask"" debido a una condición falsa (False); (!Exists('$(InputSharedAssemblyPath)\%(SharedLibraryContent.Identity)')) se evaluó como (!Exists('C:\Program Files (x86)\Microsoft SDKs\Windows Kits\10\ExtensionSDKs\Microsoft.NET.Native.Framework.1.3\1.3\x64\ret\ILToc\System.Private.Reflection.Execution.iltoc'))."
"Message",Low,"Se omitió la tarea ""IlcErrorTask"" debido a una condición falsa (False); (!Exists('$(InputSharedAssemblyPath)\%(SharedLibraryContent.Identity)')) se evaluó como (!Exists('C:\Program Files (x86)\Microsoft SDKs\Windows Kits\10\ExtensionSDKs\Microsoft.NET.Native.Framework.1.3\1.3\x64\ret\ILToc\System.Private.Reflection.Metadata.iltoc'))."
"Message",Low,"Se omitió la tarea ""IlcErrorTask"" debido a una condición falsa (False); (!Exists('$(InputSharedAssemblyPath)\%(SharedLibraryContent.Identity)')) se evaluó como (!Exists('C:\Program Files (x86)\Microsoft SDKs\Windows Kits\10\ExtensionSDKs\Microsoft.NET.Native.Framework.1.3\1.3\x64\ret\ILToc\System.Private.Threading.iltoc'))."
"Message",Low,"Se omitió la tarea ""IlcErrorTask"" debido a una condición falsa (False); (!Exists('$(InputSharedAssemblyPath)\%(SharedLibraryContent.Identity)')) se evaluó como (!Exists('C:\Program Files (x86)\Microsoft SDKs\Windows Kits\10\ExtensionSDKs\Microsoft.NET.Native.Framework.1.3\1.3\x64\ret\ILToc\System.Private.TypeLoader.iltoc'))."
"Message",Low,"Se omitió la tarea ""IlcErrorTask"" debido a una condición falsa (False); (!Exists('$(InputSharedAssemblyPath)\%(SharedLibraryContent.Identity)')) se evaluó como (!Exists('C:\Program Files (x86)\Microsoft SDKs\Windows Kits\10\ExtensionSDKs\Microsoft.NET.Native.Framework.1.3\1.3\x64\ret\ILToc\System.Private.Uri.iltoc'))."
"Message",Low,"Se omitió la tarea ""IlcErrorTask"" debido a una condición falsa (False); (!Exists('$(InputSharedAssemblyPath)\%(SharedLibraryContent.Identity)')) se evaluó como (!Exists('C:\Program Files (x86)\Microsoft SDKs\Windows Kits\10\ExtensionSDKs\Microsoft.NET.Native.Framework.1.3\1.3\x64\ret\ILToc\System.Reflection.Extensions.iltoc'))."
"Message",Low,"Se omitió la tarea ""IlcErrorTask"" debido a una condición falsa (False); (!Exists('$(InputSharedAssemblyPath)\%(SharedLibraryContent.Identity)')) se evaluó como (!Exists('C:\Program Files (x86)\Microsoft SDKs\Windows Kits\10\ExtensionSDKs\Microsoft.NET.Native.Framework.1.3\1.3\x64\ret\ILToc\System.Reflection.Primitives.iltoc'))."
"Message",Low,"Se omitió la tarea ""IlcErrorTask"" debido a una condición falsa (False); (!Exists('$(InputSharedAssemblyPath)\%(SharedLibraryContent.Identity)')) se evaluó como (!Exists('C:\Program Files (x86)\Microsoft SDKs\Windows Kits\10\ExtensionSDKs\Microsoft.NET.Native.Framework.1.3\1.3\x64\ret\ILToc\System.Reflection.TypeExtensions.iltoc'))."
"Message",Low,"Se omitió la tarea ""IlcErrorTask"" debido a una condición falsa (False); (!Exists('$(InputSharedAssemblyPath)\%(SharedLibraryContent.Identity)')) se evaluó como (!Exists('C:\Program Files (x86)\Microsoft SDKs\Windows Kits\10\ExtensionSDKs\Microsoft.NET.Native.Framework.1.3\1.3\x64\ret\ILToc\System.Resources.ResourceManager.iltoc'))."
"Message",Low,"Se omitió la tarea ""IlcErrorTask"" debido a una condición falsa (False); (!Exists('$(InputSharedAssemblyPath)\%(SharedLibraryContent.Identity)')) se evaluó como (!Exists('C:\Program Files (x86)\Microsoft SDKs\Windows Kits\10\ExtensionSDKs\Microsoft.NET.Native.Framework.1.3\1.3\x64\ret\ILToc\System.Runtime.Extensions.iltoc'))."
"Message",Low,"Se omitió la tarea ""IlcErrorTask"" debido a una condición falsa (False); (!Exists('$(InputSharedAssemblyPath)\%(SharedLibraryContent.Identity)')) se evaluó como (!Exists('C:\Program Files (x86)\Microsoft SDKs\Windows Kits\10\ExtensionSDKs\Microsoft.NET.Native.Framework.1.3\1.3\x64\ret\ILToc\System.Runtime.Implementation.iltoc'))."
"Message",Low,"Se omitió la tarea ""IlcErrorTask"" debido a una condición falsa (False); (!Exists('$(InputSharedAssemblyPath)\%(SharedLibraryContent.Identity)')) se evaluó como (!Exists('C:\Program Files (x86)\Microsoft SDKs\Windows Kits\10\ExtensionSDKs\Microsoft.NET.Native.Framework.1.3\1.3\x64\ret\ILToc\System.Text.RegularExpressions.iltoc'))."
"Message",Low,"Se omitió la tarea ""IlcErrorTask"" debido a una condición falsa (False); (!Exists('$(InputSharedAssemblyPath)\%(SharedLibraryContent.Identity)')) se evaluó como (!Exists('C:\Program Files (x86)\Microsoft SDKs\Windows Kits\10\ExtensionSDKs\Microsoft.NET.Native.Framework.1.3\1.3\x64\ret\ILToc\System.Private.SharedLibrary.Interop.Generated.iltoc'))."
"Message",Low,"Se omitió la tarea ""IlcErrorTask"" debido a una condición falsa (False); (!Exists('$(InputSharedAssemblyPath)\%(SharedLibraryContent.Identity)')) se evaluó como (!Exists('C:\Program Files (x86)\Microsoft SDKs\Windows Kits\10\ExtensionSDKs\Microsoft.NET.Native.Framework.1.3\1.3\x64\ret\ILToc\System.Collections.iltocpdb'))."
"Message",Low,"Se omitió la tarea ""IlcErrorTask"" debido a una condición falsa (False); (!Exists('$(InputSharedAssemblyPath)\%(SharedLibraryContent.Identity)')) se evaluó como (!Exists('C:\Program Files (x86)\Microsoft SDKs\Windows Kits\10\ExtensionSDKs\Microsoft.NET.Native.Framework.1.3\1.3\x64\ret\ILToc\System.Collections.Concurrent.iltocpdb'))."
"Message",Low,"Se omitió la tarea ""IlcErrorTask"" debido a una condición falsa (False); (!Exists('$(InputSharedAssemblyPath)\%(SharedLibraryContent.Identity)')) se evaluó como (!Exists('C:\Program Files (x86)\Microsoft SDKs\Windows Kits\10\ExtensionSDKs\Microsoft.NET.Native.Framework.1.3\1.3\x64\ret\ILToc\System.Diagnostics.Tracing.iltocpdb'))."
"Message",Low,"Se omitió la tarea ""IlcErrorTask"" debido a una condición falsa (False); (!Exists('$(InputSharedAssemblyPath)\%(SharedLibraryContent.Identity)')) se evaluó como (!Exists('C:\Program Files (x86)\Microsoft SDKs\Windows Kits\10\ExtensionSDKs\Microsoft.NET.Native.Framework.1.3\1.3\x64\ret\ILToc\System.Dynamic.Runtime.iltocpdb'))."
"Message",Low,"Se omitió la tarea ""IlcErrorTask"" debido a una condición falsa (False); (!Exists('$(InputSharedAssemblyPath)\%(SharedLibraryContent.Identity)')) se evaluó como (!Exists('C:\Program Files (x86)\Microsoft SDKs\Windows Kits\10\ExtensionSDKs\Microsoft.NET.Native.Framework.1.3\1.3\x64\ret\ILToc\System.IO.iltocpdb'))."
"Message",Low,"Se omitió la tarea ""IlcErrorTask"" debido a una condición falsa (False); (!Exists('$(InputSharedAssemblyPath)\%(SharedLibraryContent.Identity)')) se evaluó como (!Exists('C:\Program Files (x86)\Microsoft SDKs\Windows Kits\10\ExtensionSDKs\Microsoft.NET.Native.Framework.1.3\1.3\x64\ret\ILToc\System.Linq.iltocpdb'))."
"Message",Low,"Se omitió la tarea ""IlcErrorTask"" debido a una condición falsa (False); (!Exists('$(InputSharedAssemblyPath)\%(SharedLibraryContent.Identity)')) se evaluó como (!Exists('C:\Program Files (x86)\Microsoft SDKs\Windows Kits\10\ExtensionSDKs\Microsoft.NET.Native.Framework.1.3\1.3\x64\ret\ILToc\System.Linq.Expressions.iltocpdb'))."
"Message",Low,"Se omitió la tarea ""IlcErrorTask"" debido a una condición falsa (False); (!Exists('$(InputSharedAssemblyPath)\%(SharedLibraryContent.Identity)')) se evaluó como (!Exists('C:\Program Files (x86)\Microsoft SDKs\Windows Kits\10\ExtensionSDKs\Microsoft.NET.Native.Framework.1.3\1.3\x64\ret\ILToc\System.ObjectModel.iltocpdb'))."
"Message",Low,"Se omitió la tarea ""IlcErrorTask"" debido a una condición falsa (False); (!Exists('$(InputSharedAssemblyPath)\%(SharedLibraryContent.Identity)')) se evaluó como (!Exists('C:\Program Files (x86)\Microsoft SDKs\Windows Kits\10\ExtensionSDKs\Microsoft.NET.Native.Framework.1.3\1.3\x64\ret\ILToc\System.Private.CoreLib.iltocpdb'))."
"Message",Low,"Se omitió la tarea ""IlcErrorTask"" debido a una condición falsa (False); (!Exists('$(InputSharedAssemblyPath)\%(SharedLibraryContent.Identity)')) se evaluó como (!Exists('C:\Program Files (x86)\Microsoft SDKs\Windows Kits\10\ExtensionSDKs\Microsoft.NET.Native.Framework.1.3\1.3\x64\ret\ILToc\System.Private.Interop.iltocpdb'))."
"Message",Low,"Se omitió la tarea ""IlcErrorTask"" debido a una condición falsa (False); (!Exists('$(InputSharedAssemblyPath)\%(SharedLibraryContent.Identity)')) se evaluó como (!Exists('C:\Program Files (x86)\Microsoft SDKs\Windows Kits\10\ExtensionSDKs\Microsoft.NET.Native.Framework.1.3\1.3\x64\ret\ILToc\System.Private.Reflection.iltocpdb'))."
"Message",Low,"Se omitió la tarea ""IlcErrorTask"" debido a una condición falsa (False); (!Exists('$(InputSharedAssemblyPath)\%(SharedLibraryContent.Identity)')) se evaluó como (!Exists('C:\Program Files (x86)\Microsoft SDKs\Windows Kits\10\ExtensionSDKs\Microsoft.NET.Native.Framework.1.3\1.3\x64\ret\ILToc\System.Private.Reflection.Core.iltocpdb'))."
"Message",Low,"Se omitió la tarea ""IlcErrorTask"" debido a una condición falsa (False); (!Exists('$(InputSharedAssemblyPath)\%(SharedLibraryContent.Identity)')) se evaluó como (!Exists('C:\Program Files (x86)\Microsoft SDKs\Windows Kits\10\ExtensionSDKs\Microsoft.NET.Native.Framework.1.3\1.3\x64\ret\ILToc\System.Private.Reflection.Execution.iltocpdb'))."
"Message",Low,"Se omitió la tarea ""IlcErrorTask"" debido a una condición falsa (False); (!Exists('$(InputSharedAssemblyPath)\%(SharedLibraryContent.Identity)')) se evaluó como (!Exists('C:\Program Files (x86)\Microsoft SDKs\Windows Kits\10\ExtensionSDKs\Microsoft.NET.Native.Framework.1.3\1.3\x64\ret\ILToc\System.Private.Reflection.Metadata.iltocpdb'))."
"Message",Low,"Se omitió la tarea ""IlcErrorTask"" debido a una condición falsa (False); (!Exists('$(InputSharedAssemblyPath)\%(SharedLibraryContent.Identity)')) se evaluó como (!Exists('C:\Program Files (x86)\Microsoft SDKs\Windows Kits\10\ExtensionSDKs\Microsoft.NET.Native.Framework.1.3\1.3\x64\ret\ILToc\System.Private.Threading.iltocpdb'))."
"Message",Low,"Se omitió la tarea ""IlcErrorTask"" debido a una condición falsa (False); (!Exists('$(InputSharedAssemblyPath)\%(SharedLibraryContent.Identity)')) se evaluó como (!Exists('C:\Program Files (x86)\Microsoft SDKs\Windows Kits\10\ExtensionSDKs\Microsoft.NET.Native.Framework.1.3\1.3\x64\ret\ILToc\System.Private.TypeLoader.iltocpdb'))."
"Message",Low,"Se omitió la tarea ""IlcErrorTask"" debido a una condición falsa (False); (!Exists('$(InputSharedAssemblyPath)\%(SharedLibraryContent.Identity)')) se evaluó como (!Exists('C:\Program Files (x86)\Microsoft SDKs\Windows Kits\10\ExtensionSDKs\Microsoft.NET.Native.Framework.1.3\1.3\x64\ret\ILToc\System.Private.Uri.iltocpdb'))."
"Message",Low,"Se omitió la tarea ""IlcErrorTask"" debido a una condición falsa (False); (!Exists('$(InputSharedAssemblyPath)\%(SharedLibraryContent.Identity)')) se evaluó como (!Exists('C:\Program Files (x86)\Microsoft SDKs\Windows Kits\10\ExtensionSDKs\Microsoft.NET.Native.Framework.1.3\1.3\x64\ret\ILToc\System.Reflection.Extensions.iltocpdb'))."
"Message",Low,"Se omitió la tarea ""IlcErrorTask"" debido a una condición falsa (False); (!Exists('$(InputSharedAssemblyPath)\%(SharedLibraryContent.Identity)')) se evaluó como (!Exists('C:\Program Files (x86)\Microsoft SDKs\Windows Kits\10\ExtensionSDKs\Microsoft.NET.Native.Framework.1.3\1.3\x64\ret\ILToc\System.Reflection.Primitives.iltocpdb'))."
"Message",Low,"Se omitió la tarea ""IlcErrorTask"" debido a una condición falsa (False); (!Exists('$(InputSharedAssemblyPath)\%(SharedLibraryContent.Identity)')) se evaluó como (!Exists('C:\Program Files (x86)\Microsoft SDKs\Windows Kits\10\ExtensionSDKs\Microsoft.NET.Native.Framework.1.3\1.3\x64\ret\ILToc\System.Reflection.TypeExtensions.iltocpdb'))."
"Message",Low,"Se omitió la tarea ""IlcErrorTask"" debido a una condición falsa (False); (!Exists('$(InputSharedAssemblyPath)\%(SharedLibraryContent.Identity)')) se evaluó como (!Exists('C:\Program Files (x86)\Microsoft SDKs\Windows Kits\10\ExtensionSDKs\Microsoft.NET.Native.Framework.1.3\1.3\x64\ret\ILToc\System.Resources.ResourceManager.iltocpdb'))."
"Message",Low,"Se omitió la tarea ""IlcErrorTask"" debido a una condición falsa (False); (!Exists('$(InputSharedAssemblyPath)\%(SharedLibraryContent.Identity)')) se evaluó como (!Exists('C:\Program Files (x86)\Microsoft SDKs\Windows Kits\10\ExtensionSDKs\Microsoft.NET.Native.Framework.1.3\1.3\x64\ret\ILToc\System.Runtime.Extensions.iltocpdb'))."
"Message",Low,"Se omitió la tarea ""IlcErrorTask"" debido a una condición falsa (False); (!Exists('$(InputSharedAssemblyPath)\%(SharedLibraryContent.Identity)')) se evaluó como (!Exists('C:\Program Files (x86)\Microsoft SDKs\Windows Kits\10\ExtensionSDKs\Microsoft.NET.Native.Framework.1.3\1.3\x64\ret\ILToc\System.Runtime.Implementation.iltocpdb'))."
"Message",Low,"Se omitió la tarea ""IlcErrorTask"" debido a una condición falsa (False); (!Exists('$(InputSharedAssemblyPath)\%(SharedLibraryContent.Identity)')) se evaluó como (!Exists('C:\Program Files (x86)\Microsoft SDKs\Windows Kits\10\ExtensionSDKs\Microsoft.NET.Native.Framework.1.3\1.3\x64\ret\ILToc\System.Text.RegularExpressions.iltocpdb'))."
"Message",Low,"Se omitió la tarea ""IlcErrorTask"" debido a una condición falsa (False); (!Exists('$(InputSharedAssemblyPath)\%(SharedLibraryContent.Identity)')) se evaluó como (!Exists('C:\Program Files (x86)\Microsoft SDKs\Windows Kits\10\ExtensionSDKs\Microsoft.NET.Native.Framework.1.3\1.3\x64\ret\ILToc\System.Private.SharedLibrary.Interop.Generated.iltocpdb'))."
"Message",Low,"Se omitió la tarea ""IlcErrorTask"" debido a una condición falsa (False); (!Exists('$(InputSharedAssemblyPath)\%(SharedLibraryContent.Identity)')) se evaluó como (!Exists('C:\Program Files (x86)\Microsoft SDKs\Windows Kits\10\ExtensionSDKs\Microsoft.NET.Native.Framework.1.3\1.3\x64\ret\ILTransformed\System.Collections.ildll'))."
"Message",Low,"Se omitió la tarea ""IlcErrorTask"" debido a una condición falsa (False); (!Exists('$(InputSharedAssemblyPath)\%(SharedLibraryContent.Identity)')) se evaluó como (!Exists('C:\Program Files (x86)\Microsoft SDKs\Windows Kits\10\ExtensionSDKs\Microsoft.NET.Native.Framework.1.3\1.3\x64\ret\ILTransformed\System.Collections.Concurrent.ildll'))."
"Message",Low,"Se omitió la tarea ""IlcErrorTask"" debido a una condición falsa (False); (!Exists('$(InputSharedAssemblyPath)\%(SharedLibraryContent.Identity)')) se evaluó como (!Exists('C:\Program Files (x86)\Microsoft SDKs\Windows Kits\10\ExtensionSDKs\Microsoft.NET.Native.Framework.1.3\1.3\x64\ret\ILTransformed\System.Diagnostics.Tracing.ildll'))."
"Message",Low,"Se omitió la tarea ""IlcErrorTask"" debido a una condición falsa (False); (!Exists('$(InputSharedAssemblyPath)\%(SharedLibraryContent.Identity)')) se evaluó como (!Exists('C:\Program Files (x86)\Microsoft SDKs\Windows Kits\10\ExtensionSDKs\Microsoft.NET.Native.Framework.1.3\1.3\x64\ret\ILTransformed\System.Dynamic.Runtime.ildll'))."
"Message",Low,"Se omitió la tarea ""IlcErrorTask"" debido a una condición falsa (False); (!Exists('$(InputSharedAssemblyPath)\%(SharedLibraryContent.Identity)')) se evaluó como (!Exists('C:\Program Files (x86)\Microsoft SDKs\Windows Kits\10\ExtensionSDKs\Microsoft.NET.Native.Framework.1.3\1.3\x64\ret\ILTransformed\System.IO.ildll'))."
"Message",Low,"Se omitió la tarea ""IlcErrorTask"" debido a una condición falsa (False); (!Exists('$(InputSharedAssemblyPath)\%(SharedLibraryContent.Identity)')) se evaluó como (!Exists('C:\Program Files (x86)\Microsoft SDKs\Windows Kits\10\ExtensionSDKs\Microsoft.NET.Native.Framework.1.3\1.3\x64\ret\ILTransformed\System.Linq.ildll'))."
"Message",Low,"Se omitió la tarea ""IlcErrorTask"" debido a una condición falsa (False); (!Exists('$(InputSharedAssemblyPath)\%(SharedLibraryContent.Identity)')) se evaluó como (!Exists('C:\Program Files (x86)\Microsoft SDKs\Windows Kits\10\ExtensionSDKs\Microsoft.NET.Native.Framework.1.3\1.3\x64\ret\ILTransformed\System.Linq.Expressions.ildll'))."
"Message",Low,"Se omitió la tarea ""IlcErrorTask"" debido a una condición falsa (False); (!Exists('$(InputSharedAssemblyPath)\%(SharedLibraryContent.Identity)')) se evaluó como (!Exists('C:\Program Files (x86)\Microsoft SDKs\Windows Kits\10\ExtensionSDKs\Microsoft.NET.Native.Framework.1.3\1.3\x64\ret\ILTransformed\System.ObjectModel.ildll'))."
"Message",Low,"Se omitió la tarea ""IlcErrorTask"" debido a una condición falsa (False); (!Exists('$(InputSharedAssemblyPath)\%(SharedLibraryContent.Identity)')) se evaluó como (!Exists('C:\Program Files (x86)\Microsoft SDKs\Windows Kits\10\ExtensionSDKs\Microsoft.NET.Native.Framework.1.3\1.3\x64\ret\ILTransformed\System.Private.CoreLib.ildll'))."
"Message",Low,"Se omitió la tarea ""IlcErrorTask"" debido a una condición falsa (False); (!Exists('$(InputSharedAssemblyPath)\%(SharedLibraryContent.Identity)')) se evaluó como (!Exists('C:\Program Files (x86)\Microsoft SDKs\Windows Kits\10\ExtensionSDKs\Microsoft.NET.Native.Framework.1.3\1.3\x64\ret\ILTransformed\System.Private.Interop.ildll'))."
"Message",Low,"Se omitió la tarea ""IlcErrorTask"" debido a una condición falsa (False); (!Exists('$(InputSharedAssemblyPath)\%(SharedLibraryContent.Identity)')) se evaluó como (!Exists('C:\Program Files (x86)\Microsoft SDKs\Windows Kits\10\ExtensionSDKs\Microsoft.NET.Native.Framework.1.3\1.3\x64\ret\ILTransformed\System.Private.Reflection.ildll'))."
"Message",Low,"Se omitió la tarea ""IlcErrorTask"" debido a una condición falsa (False); (!Exists('$(InputSharedAssemblyPath)\%(SharedLibraryContent.Identity)')) se evaluó como (!Exists('C:\Program Files (x86)\Microsoft SDKs\Windows Kits\10\ExtensionSDKs\Microsoft.NET.Native.Framework.1.3\1.3\x64\ret\ILTransformed\System.Private.Reflection.Core.ildll'))."
"Message",Low,"Se omitió la tarea ""IlcErrorTask"" debido a una condición falsa (False); (!Exists('$(InputSharedAssemblyPath)\%(SharedLibraryContent.Identity)')) se evaluó como (!Exists('C:\Program Files (x86)\Microsoft SDKs\Windows Kits\10\ExtensionSDKs\Microsoft.NET.Native.Framework.1.3\1.3\x64\ret\ILTransformed\System.Private.Reflection.Execution.ildll'))."
"Message",Low,"Se omitió la tarea ""IlcErrorTask"" debido a una condición falsa (False); (!Exists('$(InputSharedAssemblyPath)\%(SharedLibraryContent.Identity)')) se evaluó como (!Exists('C:\Program Files (x86)\Microsoft SDKs\Windows Kits\10\ExtensionSDKs\Microsoft.NET.Native.Framework.1.3\1.3\x64\ret\ILTransformed\System.Private.Reflection.Metadata.ildll'))."
"Message",Low,"Se omitió la tarea ""IlcErrorTask"" debido a una condición falsa (False); (!Exists('$(InputSharedAssemblyPath)\%(SharedLibraryContent.Identity)')) se evaluó como (!Exists('C:\Program Files (x86)\Microsoft SDKs\Windows Kits\10\ExtensionSDKs\Microsoft.NET.Native.Framework.1.3\1.3\x64\ret\ILTransformed\System.Private.Threading.ildll'))."
"Message",Low,"Se omitió la tarea ""IlcErrorTask"" debido a una condición falsa (False); (!Exists('$(InputSharedAssemblyPath)\%(SharedLibraryContent.Identity)')) se evaluó como (!Exists('C:\Program Files (x86)\Microsoft SDKs\Windows Kits\10\ExtensionSDKs\Microsoft.NET.Native.Framework.1.3\1.3\x64\ret\ILTransformed\System.Private.TypeLoader.ildll'))."
"Message",Low,"Se omitió la tarea ""IlcErrorTask"" debido a una condición falsa (False); (!Exists('$(InputSharedAssemblyPath)\%(SharedLibraryContent.Identity)')) se evaluó como (!Exists('C:\Program Files (x86)\Microsoft SDKs\Windows Kits\10\ExtensionSDKs\Microsoft.NET.Native.Framework.1.3\1.3\x64\ret\ILTransformed\System.Private.Uri.ildll'))."
"Message",Low,"Se omitió la tarea ""IlcErrorTask"" debido a una condición falsa (False); (!Exists('$(InputSharedAssemblyPath)\%(SharedLibraryContent.Identity)')) se evaluó como (!Exists('C:\Program Files (x86)\Microsoft SDKs\Windows Kits\10\ExtensionSDKs\Microsoft.NET.Native.Framework.1.3\1.3\x64\ret\ILTransformed\System.Reflection.Extensions.ildll'))."
"Message",Low,"Se omitió la tarea ""IlcErrorTask"" debido a una condición falsa (False); (!Exists('$(InputSharedAssemblyPath)\%(SharedLibraryContent.Identity)')) se evaluó como (!Exists('C:\Program Files (x86)\Microsoft SDKs\Windows Kits\10\ExtensionSDKs\Microsoft.NET.Native.Framework.1.3\1.3\x64\ret\ILTransformed\System.Reflection.Primitives.ildll'))."
"Message",Low,"Se omitió la tarea ""IlcErrorTask"" debido a una condición falsa (False); (!Exists('$(InputSharedAssemblyPath)\%(SharedLibraryContent.Identity)')) se evaluó como (!Exists('C:\Program Files (x86)\Microsoft SDKs\Windows Kits\10\ExtensionSDKs\Microsoft.NET.Native.Framework.1.3\1.3\x64\ret\ILTransformed\System.Reflection.TypeExtensions.ildll'))."
"Message",Low,"Se omitió la tarea ""IlcErrorTask"" debido a una condición falsa (False); (!Exists('$(InputSharedAssemblyPath)\%(SharedLibraryContent.Identity)')) se evaluó como (!Exists('C:\Program Files (x86)\Microsoft SDKs\Windows Kits\10\ExtensionSDKs\Microsoft.NET.Native.Framework.1.3\1.3\x64\ret\ILTransformed\System.Resources.ResourceManager.ildll'))."
"Message",Low,"Se omitió la tarea ""IlcErrorTask"" debido a una condición falsa (False); (!Exists('$(InputSharedAssemblyPath)\%(SharedLibraryContent.Identity)')) se evaluó como (!Exists('C:\Program Files (x86)\Microsoft SDKs\Windows Kits\10\ExtensionSDKs\Microsoft.NET.Native.Framework.1.3\1.3\x64\ret\ILTransformed\System.Runtime.Extensions.ildll'))."
"Message",Low,"Se omitió la tarea ""IlcErrorTask"" debido a una condición falsa (False); (!Exists('$(InputSharedAssemblyPath)\%(SharedLibraryContent.Identity)')) se evaluó como (!Exists('C:\Program Files (x86)\Microsoft SDKs\Windows Kits\10\ExtensionSDKs\Microsoft.NET.Native.Framework.1.3\1.3\x64\ret\ILTransformed\System.Runtime.Implementation.ildll'))."
"Message",Low,"Se omitió la tarea ""IlcErrorTask"" debido a una condición falsa (False); (!Exists('$(InputSharedAssemblyPath)\%(SharedLibraryContent.Identity)')) se evaluó como (!Exists('C:\Program Files (x86)\Microsoft SDKs\Windows Kits\10\ExtensionSDKs\Microsoft.NET.Native.Framework.1.3\1.3\x64\ret\ILTransformed\System.Text.RegularExpressions.ildll'))."
"Message",Low,"Se omitió la tarea ""IlcErrorTask"" debido a una condición falsa (False); (!Exists('$(InputSharedAssemblyPath)\%(SharedLibraryContent.Identity)')) se evaluó como (!Exists('C:\Program Files (x86)\Microsoft SDKs\Windows Kits\10\ExtensionSDKs\Microsoft.NET.Native.Framework.1.3\1.3\x64\ret\ILTransformed\System.Private.SharedLibrary.Interop.Generated.ildll'))."
"Message",Low,"Se omitió la tarea ""IlcErrorTask"" debido a una condición falsa (False); (!Exists('$(InputSharedAssemblyPath)\%(SharedLibraryContent.Identity)')) se evaluó como (!Exists('C:\Program Files (x86)\Microsoft SDKs\Windows Kits\10\ExtensionSDKs\Microsoft.NET.Native.Framework.1.3\1.3\x64\ret\ILTransformed\System.Collections.ilpdb'))."
"Message",Low,"Se omitió la tarea ""IlcErrorTask"" debido a una condición falsa (False); (!Exists('$(InputSharedAssemblyPath)\%(SharedLibraryContent.Identity)')) se evaluó como (!Exists('C:\Program Files (x86)\Microsoft SDKs\Windows Kits\10\ExtensionSDKs\Microsoft.NET.Native.Framework.1.3\1.3\x64\ret\ILTransformed\System.Collections.Concurrent.ilpdb'))."
"Message",Low,"Se omitió la tarea ""IlcErrorTask"" debido a una condición falsa (False); (!Exists('$(InputSharedAssemblyPath)\%(SharedLibraryContent.Identity)')) se evaluó como (!Exists('C:\Program Files (x86)\Microsoft SDKs\Windows Kits\10\ExtensionSDKs\Microsoft.NET.Native.Framework.1.3\1.3\x64\ret\ILTransformed\System.Diagnostics.Tracing.ilpdb'))."
"Message",Low,"Se omitió la tarea ""IlcErrorTask"" debido a una condición falsa (False); (!Exists('$(InputSharedAssemblyPath)\%(SharedLibraryContent.Identity)')) se evaluó como (!Exists('C:\Program Files (x86)\Microsoft SDKs\Windows Kits\10\ExtensionSDKs\Microsoft.NET.Native.Framework.1.3\1.3\x64\ret\ILTransformed\System.Dynamic.Runtime.ilpdb'))."
"Message",Low,"Se omitió la tarea ""IlcErrorTask"" debido a una condición falsa (False); (!Exists('$(InputSharedAssemblyPath)\%(SharedLibraryContent.Identity)')) se evaluó como (!Exists('C:\Program Files (x86)\Microsoft SDKs\Windows Kits\10\ExtensionSDKs\Microsoft.NET.Native.Framework.1.3\1.3\x64\ret\ILTransformed\System.IO.ilpdb'))."
"Message",Low,"Se omitió la tarea ""IlcErrorTask"" debido a una condición falsa (False); (!Exists('$(InputSharedAssemblyPath)\%(SharedLibraryContent.Identity)')) se evaluó como (!Exists('C:\Program Files (x86)\Microsoft SDKs\Windows Kits\10\ExtensionSDKs\Microsoft.NET.Native.Framework.1.3\1.3\x64\ret\ILTransformed\System.Linq.ilpdb'))."
"Message",Low,"Se omitió la tarea ""IlcErrorTask"" debido a una condición falsa (False); (!Exists('$(InputSharedAssemblyPath)\%(SharedLibraryContent.Identity)')) se evaluó como (!Exists('C:\Program Files (x86)\Microsoft SDKs\Windows Kits\10\ExtensionSDKs\Microsoft.NET.Native.Framework.1.3\1.3\x64\ret\ILTransformed\System.Linq.Expressions.ilpdb'))."
"Message",Low,"Se omitió la tarea ""IlcErrorTask"" debido a una condición falsa (False); (!Exists('$(InputSharedAssemblyPath)\%(SharedLibraryContent.Identity)')) se evaluó como (!Exists('C:\Program Files (x86)\Microsoft SDKs\Windows Kits\10\ExtensionSDKs\Microsoft.NET.Native.Framework.1.3\1.3\x64\ret\ILTransformed\System.ObjectModel.ilpdb'))."
"Message",Low,"Se omitió la tarea ""IlcErrorTask"" debido a una condición falsa (False); (!Exists('$(InputSharedAssemblyPath)\%(SharedLibraryContent.Identity)')) se evaluó como (!Exists('C:\Program Files (x86)\Microsoft SDKs\Windows Kits\10\ExtensionSDKs\Microsoft.NET.Native.Framework.1.3\1.3\x64\ret\ILTransformed\System.Private.CoreLib.ilpdb'))."
"Message",Low,"Se omitió la tarea ""IlcErrorTask"" debido a una condición falsa (False); (!Exists('$(InputSharedAssemblyPath)\%(SharedLibraryContent.Identity)')) se evaluó como (!Exists('C:\Program Files (x86)\Microsoft SDKs\Windows Kits\10\ExtensionSDKs\Microsoft.NET.Native.Framework.1.3\1.3\x64\ret\ILTransformed\System.Private.Interop.ilpdb'))."
"Message",Low,"Se omitió la tarea ""IlcErrorTask"" debido a una condición falsa (False); (!Exists('$(InputSharedAssemblyPath)\%(SharedLibraryContent.Identity)')) se evaluó como (!Exists('C:\Program Files (x86)\Microsoft SDKs\Windows Kits\10\ExtensionSDKs\Microsoft.NET.Native.Framework.1.3\1.3\x64\ret\ILTransformed\System.Private.Reflection.ilpdb'))."
"Message",Low,"Se omitió la tarea ""IlcErrorTask"" debido a una condición falsa (False); (!Exists('$(InputSharedAssemblyPath)\%(SharedLibraryContent.Identity)')) se evaluó como (!Exists('C:\Program Files (x86)\Microsoft SDKs\Windows Kits\10\ExtensionSDKs\Microsoft.NET.Native.Framework.1.3\1.3\x64\ret\ILTransformed\System.Private.Reflection.Core.ilpdb'))."
"Message",Low,"Se omitió la tarea ""IlcErrorTask"" debido a una condición falsa (False); (!Exists('$(InputSharedAssemblyPath)\%(SharedLibraryContent.Identity)')) se evaluó como (!Exists('C:\Program Files (x86)\Microsoft SDKs\Windows Kits\10\ExtensionSDKs\Microsoft.NET.Native.Framework.1.3\1.3\x64\ret\ILTransformed\System.Private.Reflection.Execution.ilpdb'))."
"Message",Low,"Se omitió la tarea ""IlcErrorTask"" debido a una condición falsa (False); (!Exists('$(InputSharedAssemblyPath)\%(SharedLibraryContent.Identity)')) se evaluó como (!Exists('C:\Program Files (x86)\Microsoft SDKs\Windows Kits\10\ExtensionSDKs\Microsoft.NET.Native.Framework.1.3\1.3\x64\ret\ILTransformed\System.Private.Reflection.Metadata.ilpdb'))."
"Message",Low,"Se omitió la tarea ""IlcErrorTask"" debido a una condición falsa (False); (!Exists('$(InputSharedAssemblyPath)\%(SharedLibraryContent.Identity)')) se evaluó como (!Exists('C:\Program Files (x86)\Microsoft SDKs\Windows Kits\10\ExtensionSDKs\Microsoft.NET.Native.Framework.1.3\1.3\x64\ret\ILTransformed\System.Private.Threading.ilpdb'))."
"Message",Low,"Se omitió la tarea ""IlcErrorTask"" debido a una condición falsa (False); (!Exists('$(InputSharedAssemblyPath)\%(SharedLibraryContent.Identity)')) se evaluó como (!Exists('C:\Program Files (x86)\Microsoft SDKs\Windows Kits\10\ExtensionSDKs\Microsoft.NET.Native.Framework.1.3\1.3\x64\ret\ILTransformed\System.Private.TypeLoader.ilpdb'))."
"Message",Low,"Se omitió la tarea ""IlcErrorTask"" debido a una condición falsa (False); (!Exists('$(InputSharedAssemblyPath)\%(SharedLibraryContent.Identity)')) se evaluó como (!Exists('C:\Program Files (x86)\Microsoft SDKs\Windows Kits\10\ExtensionSDKs\Microsoft.NET.Native.Framework.1.3\1.3\x64\ret\ILTransformed\System.Private.Uri.ilpdb'))."
"Message",Low,"Se omitió la tarea ""IlcErrorTask"" debido a una condición falsa (False); (!Exists('$(InputSharedAssemblyPath)\%(SharedLibraryContent.Identity)')) se evaluó como (!Exists('C:\Program Files (x86)\Microsoft SDKs\Windows Kits\10\ExtensionSDKs\Microsoft.NET.Native.Framework.1.3\1.3\x64\ret\ILTransformed\System.Reflection.Extensions.ilpdb'))."
"Message",Low,"Se omitió la tarea ""IlcErrorTask"" debido a una condición falsa (False); (!Exists('$(InputSharedAssemblyPath)\%(SharedLibraryContent.Identity)')) se evaluó como (!Exists('C:\Program Files (x86)\Microsoft SDKs\Windows Kits\10\ExtensionSDKs\Microsoft.NET.Native.Framework.1.3\1.3\x64\ret\ILTransformed\System.Reflection.Primitives.ilpdb'))."
"Message",Low,"Se omitió la tarea ""IlcErrorTask"" debido a una condición falsa (False); (!Exists('$(InputSharedAssemblyPath)\%(SharedLibraryContent.Identity)')) se evaluó como (!Exists('C:\Program Files (x86)\Microsoft SDKs\Windows Kits\10\ExtensionSDKs\Microsoft.NET.Native.Framework.1.3\1.3\x64\ret\ILTransformed\System.Reflection.TypeExtensions.ilpdb'))."
"Message",Low,"Se omitió la tarea ""IlcErrorTask"" debido a una condición falsa (False); (!Exists('$(InputSharedAssemblyPath)\%(SharedLibraryContent.Identity)')) se evaluó como (!Exists('C:\Program Files (x86)\Microsoft SDKs\Windows Kits\10\ExtensionSDKs\Microsoft.NET.Native.Framework.1.3\1.3\x64\ret\ILTransformed\System.Resources.ResourceManager.ilpdb'))."
"Message",Low,"Se omitió la tarea ""IlcErrorTask"" debido a una condición falsa (False); (!Exists('$(InputSharedAssemblyPath)\%(SharedLibraryContent.Identity)')) se evaluó como (!Exists('C:\Program Files (x86)\Microsoft SDKs\Windows Kits\10\ExtensionSDKs\Microsoft.NET.Native.Framework.1.3\1.3\x64\ret\ILTransformed\System.Runtime.Extensions.ilpdb'))."
"Message",Low,"Se omitió la tarea ""IlcErrorTask"" debido a una condición falsa (False); (!Exists('$(InputSharedAssemblyPath)\%(SharedLibraryContent.Identity)')) se evaluó como (!Exists('C:\Program Files (x86)\Microsoft SDKs\Windows Kits\10\ExtensionSDKs\Microsoft.NET.Native.Framework.1.3\1.3\x64\ret\ILTransformed\System.Runtime.Implementation.ilpdb'))."
"Message",Low,"Se omitió la tarea ""IlcErrorTask"" debido a una condición falsa (False); (!Exists('$(InputSharedAssemblyPath)\%(SharedLibraryContent.Identity)')) se evaluó como (!Exists('C:\Program Files (x86)\Microsoft SDKs\Windows Kits\10\ExtensionSDKs\Microsoft.NET.Native.Framework.1.3\1.3\x64\ret\ILTransformed\System.Text.RegularExpressions.ilpdb'))."
"Message",Low,"Se omitió la tarea ""IlcErrorTask"" debido a una condición falsa (False); (!Exists('$(InputSharedAssemblyPath)\%(SharedLibraryContent.Identity)')) se evaluó como (!Exists('C:\Program Files (x86)\Microsoft SDKs\Windows Kits\10\ExtensionSDKs\Microsoft.NET.Native.Framework.1.3\1.3\x64\ret\ILTransformed\System.Private.SharedLibrary.Interop.Generated.ilpdb'))."
"Message",Low,"Se omitió la tarea ""IlcErrorTask"" debido a una condición falsa (False); (!Exists('$(InputSharedAssemblyPath)\%(SharedLibraryContent.Identity)')) se evaluó como (!Exists('C:\Program Files (x86)\Microsoft SDKs\Windows Kits\10\ExtensionSDKs\Microsoft.NET.Native.Framework.1.3\1.3\x64\ret\Toc\System.Collections.toc'))."
"Message",Low,"Se omitió la tarea ""IlcErrorTask"" debido a una condición falsa (False); (!Exists('$(InputSharedAssemblyPath)\%(SharedLibraryContent.Identity)')) se evaluó como (!Exists('C:\Program Files (x86)\Microsoft SDKs\Windows Kits\10\ExtensionSDKs\Microsoft.NET.Native.Framework.1.3\1.3\x64\ret\Toc\System.Collections.Concurrent.toc'))."
"Message",Low,"Se omitió la tarea ""IlcErrorTask"" debido a una condición falsa (False); (!Exists('$(InputSharedAssemblyPath)\%(SharedLibraryContent.Identity)')) se evaluó como (!Exists('C:\Program Files (x86)\Microsoft SDKs\Windows Kits\10\ExtensionSDKs\Microsoft.NET.Native.Framework.1.3\1.3\x64\ret\Toc\System.Diagnostics.Tracing.toc'))."
"Message",Low,"Se omitió la tarea ""IlcErrorTask"" debido a una condición falsa (False); (!Exists('$(InputSharedAssemblyPath)\%(SharedLibraryContent.Identity)')) se evaluó como (!Exists('C:\Program Files (x86)\Microsoft SDKs\Windows Kits\10\ExtensionSDKs\Microsoft.NET.Native.Framework.1.3\1.3\x64\ret\Toc\System.Dynamic.Runtime.toc'))."
"Message",Low,"Se omitió la tarea ""IlcErrorTask"" debido a una condición falsa (False); (!Exists('$(InputSharedAssemblyPath)\%(SharedLibraryContent.Identity)')) se evaluó como (!Exists('C:\Program Files (x86)\Microsoft SDKs\Windows Kits\10\ExtensionSDKs\Microsoft.NET.Native.Framework.1.3\1.3\x64\ret\Toc\System.IO.toc'))."
"Message",Low,"Se omitió la tarea ""IlcErrorTask"" debido a una condición falsa (False); (!Exists('$(InputSharedAssemblyPath)\%(SharedLibraryContent.Identity)')) se evaluó como (!Exists('C:\Program Files (x86)\Microsoft SDKs\Windows Kits\10\ExtensionSDKs\Microsoft.NET.Native.Framework.1.3\1.3\x64\ret\Toc\System.Linq.toc'))."
"Message",Low,"Se omitió la tarea ""IlcErrorTask"" debido a una condición falsa (False); (!Exists('$(InputSharedAssemblyPath)\%(SharedLibraryContent.Identity)')) se evaluó como (!Exists('C:\Program Files (x86)\Microsoft SDKs\Windows Kits\10\ExtensionSDKs\Microsoft.NET.Native.Framework.1.3\1.3\x64\ret\Toc\System.Linq.Expressions.toc'))."
"Message",Low,"Se omitió la tarea ""IlcErrorTask"" debido a una condición falsa (False); (!Exists('$(InputSharedAssemblyPath)\%(SharedLibraryContent.Identity)')) se evaluó como (!Exists('C:\Program Files (x86)\Microsoft SDKs\Windows Kits\10\ExtensionSDKs\Microsoft.NET.Native.Framework.1.3\1.3\x64\ret\Toc\System.ObjectModel.toc'))."
"Message",Low,"Se omitió la tarea ""IlcErrorTask"" debido a una condición falsa (False); (!Exists('$(InputSharedAssemblyPath)\%(SharedLibraryContent.Identity)')) se evaluó como (!Exists('C:\Program Files (x86)\Microsoft SDKs\Windows Kits\10\ExtensionSDKs\Microsoft.NET.Native.Framework.1.3\1.3\x64\ret\Toc\System.Private.CoreLib.toc'))."
"Message",Low,"Se omitió la tarea ""IlcErrorTask"" debido a una condición falsa (False); (!Exists('$(InputSharedAssemblyPath)\%(SharedLibraryContent.Identity)')) se evaluó como (!Exists('C:\Program Files (x86)\Microsoft SDKs\Windows Kits\10\ExtensionSDKs\Microsoft.NET.Native.Framework.1.3\1.3\x64\ret\Toc\System.Private.Interop.toc'))."
"Message",Low,"Se omitió la tarea ""IlcErrorTask"" debido a una condición falsa (False); (!Exists('$(InputSharedAssemblyPath)\%(SharedLibraryContent.Identity)')) se evaluó como (!Exists('C:\Program Files (x86)\Microsoft SDKs\Windows Kits\10\ExtensionSDKs\Microsoft.NET.Native.Framework.1.3\1.3\x64\ret\Toc\System.Private.Reflection.toc'))."
"Message",Low,"Se omitió la tarea ""IlcErrorTask"" debido a una condición falsa (False); (!Exists('$(InputSharedAssemblyPath)\%(SharedLibraryContent.Identity)')) se evaluó como (!Exists('C:\Program Files (x86)\Microsoft SDKs\Windows Kits\10\ExtensionSDKs\Microsoft.NET.Native.Framework.1.3\1.3\x64\ret\Toc\System.Private.Reflection.Core.toc'))."
"Message",Low,"Se omitió la tarea ""IlcErrorTask"" debido a una condición falsa (False); (!Exists('$(InputSharedAssemblyPath)\%(SharedLibraryContent.Identity)')) se evaluó como (!Exists('C:\Program Files (x86)\Microsoft SDKs\Windows Kits\10\ExtensionSDKs\Microsoft.NET.Native.Framework.1.3\1.3\x64\ret\Toc\System.Private.Reflection.Execution.toc'))."
"Message",Low,"Se omitió la tarea ""IlcErrorTask"" debido a una condición falsa (False); (!Exists('$(InputSharedAssemblyPath)\%(SharedLibraryContent.Identity)')) se evaluó como (!Exists('C:\Program Files (x86)\Microsoft SDKs\Windows Kits\10\ExtensionSDKs\Microsoft.NET.Native.Framework.1.3\1.3\x64\ret\Toc\System.Private.Reflection.Metadata.toc'))."
"Message",Low,"Se omitió la tarea ""IlcErrorTask"" debido a una condición falsa (False); (!Exists('$(InputSharedAssemblyPath)\%(SharedLibraryContent.Identity)')) se evaluó como (!Exists('C:\Program Files (x86)\Microsoft SDKs\Windows Kits\10\ExtensionSDKs\Microsoft.NET.Native.Framework.1.3\1.3\x64\ret\Toc\System.Private.Threading.toc'))."
"Message",Low,"Se omitió la tarea ""IlcErrorTask"" debido a una condición falsa (False); (!Exists('$(InputSharedAssemblyPath)\%(SharedLibraryContent.Identity)')) se evaluó como (!Exists('C:\Program Files (x86)\Microsoft SDKs\Windows Kits\10\ExtensionSDKs\Microsoft.NET.Native.Framework.1.3\1.3\x64\ret\Toc\System.Private.TypeLoader.toc'))."
"Message",Low,"Se omitió la tarea ""IlcErrorTask"" debido a una condición falsa (False); (!Exists('$(InputSharedAssemblyPath)\%(SharedLibraryContent.Identity)')) se evaluó como (!Exists('C:\Program Files (x86)\Microsoft SDKs\Windows Kits\10\ExtensionSDKs\Microsoft.NET.Native.Framework.1.3\1.3\x64\ret\Toc\System.Private.Uri.toc'))."
"Message",Low,"Se omitió la tarea ""IlcErrorTask"" debido a una condición falsa (False); (!Exists('$(InputSharedAssemblyPath)\%(SharedLibraryContent.Identity)')) se evaluó como (!Exists('C:\Program Files (x86)\Microsoft SDKs\Windows Kits\10\ExtensionSDKs\Microsoft.NET.Native.Framework.1.3\1.3\x64\ret\Toc\System.Reflection.Extensions.toc'))."
"Message",Low,"Se omitió la tarea ""IlcErrorTask"" debido a una condición falsa (False); (!Exists('$(InputSharedAssemblyPath)\%(SharedLibraryContent.Identity)')) se evaluó como (!Exists('C:\Program Files (x86)\Microsoft SDKs\Windows Kits\10\ExtensionSDKs\Microsoft.NET.Native.Framework.1.3\1.3\x64\ret\Toc\System.Reflection.Primitives.toc'))."
"Message",Low,"Se omitió la tarea ""IlcErrorTask"" debido a una condición falsa (False); (!Exists('$(InputSharedAssemblyPath)\%(SharedLibraryContent.Identity)')) se evaluó como (!Exists('C:\Program Files (x86)\Microsoft SDKs\Windows Kits\10\ExtensionSDKs\Microsoft.NET.Native.Framework.1.3\1.3\x64\ret\Toc\System.Reflection.TypeExtensions.toc'))."
"Message",Low,"Se omitió la tarea ""IlcErrorTask"" debido a una condición falsa (False); (!Exists('$(InputSharedAssemblyPath)\%(SharedLibraryContent.Identity)')) se evaluó como (!Exists('C:\Program Files (x86)\Microsoft SDKs\Windows Kits\10\ExtensionSDKs\Microsoft.NET.Native.Framework.1.3\1.3\x64\ret\Toc\System.Resources.ResourceManager.toc'))."
"Message",Low,"Se omitió la tarea ""IlcErrorTask"" debido a una condición falsa (False); (!Exists('$(InputSharedAssemblyPath)\%(SharedLibraryContent.Identity)')) se evaluó como (!Exists('C:\Program Files (x86)\Microsoft SDKs\Windows Kits\10\ExtensionSDKs\Microsoft.NET.Native.Framework.1.3\1.3\x64\ret\Toc\System.Runtime.Extensions.toc'))."
"Message",Low,"Se omitió la tarea ""IlcErrorTask"" debido a una condición falsa (False); (!Exists('$(InputSharedAssemblyPath)\%(SharedLibraryContent.Identity)')) se evaluó como (!Exists('C:\Program Files (x86)\Microsoft SDKs\Windows Kits\10\ExtensionSDKs\Microsoft.NET.Native.Framework.1.3\1.3\x64\ret\Toc\System.Runtime.Implementation.toc'))."
"Message",Low,"Se omitió la tarea ""IlcErrorTask"" debido a una condición falsa (False); (!Exists('$(InputSharedAssemblyPath)\%(SharedLibraryContent.Identity)')) se evaluó como (!Exists('C:\Program Files (x86)\Microsoft SDKs\Windows Kits\10\ExtensionSDKs\Microsoft.NET.Native.Framework.1.3\1.3\x64\ret\Toc\System.Text.RegularExpressions.toc'))."
"Message",Low,"Se omitió la tarea ""IlcErrorTask"" debido a una condición falsa (False); (!Exists('$(InputSharedAssemblyPath)\%(SharedLibraryContent.Identity)')) se evaluó como (!Exists('C:\Program Files (x86)\Microsoft SDKs\Windows Kits\10\ExtensionSDKs\Microsoft.NET.Native.Framework.1.3\1.3\x64\ret\Toc\System.Private.SharedLibrary.Interop.Generated.toc'))."
"Message",Low,"Se omitió la tarea ""IlcErrorTask"" debido a una condición falsa (False); (!Exists('$(InputSharedAssemblyPath)\%(SharedLibraryContent.Identity)')) se evaluó como (!Exists('C:\Program Files (x86)\Microsoft SDKs\Windows Kits\10\ExtensionSDKs\Microsoft.NET.Native.Framework.1.3\1.3\x64\ret\MDIL\SharedLibrary.mdildll'))."
"Message",Low,"Compilación terminada del destino ""SetForSharedInputs"" en el proyecto ""Unnamed_1""."
"Message",Low,"Se omitió el destino ""SetForBuildSharedAssemblies"" debido a una condición falsa (False); ('$(BuildSharedAssemblies)' == 'true') se evaluó como ('false' == 'true')."
"Message",Low,"Destino ""ResolveInitialReferences"" en el archivo ""C:\Program Files (x86)\MSBuild\15.0\.Net\.NetNative\15.0.24211\x64\ilc\IlcInternals.targets"" del proyecto ""C:\Users\alan2\Desktop\Practica_15\Servidor\AlarmDeactivate\AlarmDeactivate\Unnamed_1"" (el destino ""RunILTransforms"" depende de él):"
"Message",Low,"Tarea ""ResolveFilePathTask"""
"Message",Low,"Ejecución de la tarea ""ResolveFilePathTask"" terminada."
"Message",Low,"Se omitió la tarea ""IlcErrorTask"" debido a una condición falsa (False); ('@(UnresolvedInitialAssemblyClosureRoots)' != '') se evaluó como ('' != '')."
"Message",Low,"Tarea ""ResolveFilePathTask"""
"Message",Low,"Ejecución de la tarea ""ResolveFilePathTask"" terminada."
"Message",Low,"Se omitió la tarea ""IlcErrorTask"" debido a una condición falsa (False); ('@(UnresolvedManagedDllFilesErrorParameters)'!='') se evaluó como (''!='')."
"Message",Low,"Tarea ""Message"""
"Message",Normal,"Running AssemblyClosureTask in ResolveInitialReferences (1)"
"Message",Low,"Ejecución de la tarea ""Message"" terminada."
"Message",Low,"Tarea ""AssemblyClosureTask"""
"Message",Low,"Ejecución de la tarea ""AssemblyClosureTask"" terminada."
"Message",Low,"Tarea ""Message"""
"Message",Normal,"Running AssemblyClosureTask in ResolveInitialReferences (2)"
"Message",Low,"Ejecución de la tarea ""Message"" terminada."
"Message",Low,"Tarea ""AssemblyClosureTask"""
"Message",Low,"Ejecución de la tarea ""AssemblyClosureTask"" terminada."
"Message",Low,"Usando la tarea ""RemoveDuplicates"" del ensamblado ""Microsoft.Build.Tasks.v4.0, Version=4.0.0.0, Culture=neutral, PublicKeyToken=b03f5f7f11d50a3a""."
"Message",Low,"Tarea ""RemoveDuplicates"""
"Message",Low,"Ejecución de la tarea ""RemoveDuplicates"" terminada."
"Message",Low,"Compilación terminada del destino ""ResolveInitialReferences"" en el proyecto ""Unnamed_1""."
"Message",Low,"Destino ""RunILTransforms"" en el archivo ""C:\Program Files (x86)\MSBuild\15.0\.Net\.NetNative\15.0.24211\x64\ilc\IlcInternals.targets"" del proyecto ""C:\Users\alan2\Desktop\Practica_15\Servidor\AlarmDeactivate\AlarmDeactivate\Unnamed_1"" (el destino ""MDILPrepareMultiFile"" depende de él):"
"Message",Low,"Compilando completamente el destino ""RunILTransforms""."
"Message",Low,"El archivo de salida ""C:\Users\alan2\Desktop\Practica_15\Servidor\AlarmDeactivate\AlarmDeactivate\obj\x64\Release\ilc\intermediate\ILTransformed\AlarmDeactivate.ilexe"" no existe."
"Message",Low,"Tarea ""IlcMessageTask"""
"Message",High,"Processing application code"
"Message",Low,"Ejecución de la tarea ""IlcMessageTask"" terminada."
"Message",Low,"Usando la tarea ""ValidateSimpleNamesTask"" del ensamblado ""C:\Program Files (x86)\MSBuild\15.0\.Net\.NetNative\15.0.24211\x64\ilc\ilc.exe""."
"Message",Low,"Tarea ""ValidateSimpleNamesTask"""
"Message",Low,"Ejecución de la tarea ""ValidateSimpleNamesTask"" terminada."
"Message",Low,"Tarea ""MakeDir"""
"Message",Normal,"Creando directorio ""C:\Users\alan2\Desktop\Practica_15\Servidor\AlarmDeactivate\AlarmDeactivate\obj\x64\Release\ilc\intermediate\ILTransformed\""."
"Message",Low,"Ejecución de la tarea ""MakeDir"" terminada."
"Message",Low,"Se omitió la tarea ""MakeDir"" debido a una condición falsa (False); ('$(BuildSharedAssemblies)' == 'true') se evaluó como ('false' == 'true')."
"Message",Low,"Se omitió la tarea ""MakeDir"" debido a una condición falsa (False); ('$(BuildSharedAssemblies)' == 'true') se evaluó como ('false' == 'true')."
"Message",Low,"Se omitió la tarea ""IlcErrorTask"" debido a una condición falsa (False); ('$(PlatformTarget)'=='') se evaluó como ('x64'=='')."
"Message",Low,"Tarea ""ResolveFilePathTask"""
"Message",Low,"Ejecución de la tarea ""ResolveFilePathTask"" terminada."
"Message",Low,"Se omitió la tarea ""IlcErrorTask"" debido a una condición falsa (False); ('@(UnresolvedMcgSourceContractsReferencesErrorParameters)'!='') se evaluó como (''!='')."
"Message",Low,"Tarea ""ResolveFilePathTask"""
"Message",Low,"Ejecución de la tarea ""ResolveFilePathTask"" terminada."
"Message",Low,"Se omitió la tarea ""IlcErrorTask"" debido a una condición falsa (False); ('@(UnresolvedMcgSourceFacadeErrorParameters)'!='') se evaluó como (''!='')."
"Message",Low,"Tarea ""ResolveFilePathTask"""
"Message",Low,"Ejecución de la tarea ""ResolveFilePathTask"" terminada."
"Message",Low,"Se omitió la tarea ""IlcErrorTask"" debido a una condición falsa (False); ('@(UnresolvedFinalAssemblyClosureRoots)' != '') se evaluó como ('' != '')."
"Message",Low,"Tarea ""ResolveFilePathTask"""
"Message",Low,"Ejecución de la tarea ""ResolveFilePathTask"" terminada."
"Message",Low,"Se omitió la tarea ""IlcErrorTask"" debido a una condición falsa (False); ('@(UnresolvedManagedDllFilesErrorParameters)'!='') se evaluó como (''!='')."
"Message",Low,"Tarea ""Message"""
"Message",Normal,"Running AssemblyClosureTask in RunILTransforms"
"Message",Low,"Ejecución de la tarea ""Message"" terminada."
"Message",Low,"Tarea ""AssemblyClosureTask"""
"Message",Low,"Ejecución de la tarea ""AssemblyClosureTask"" terminada."
"Message",Low,"Se omitió la tarea ""ResolveFilePathTask"" debido a una condición falsa (False); ('$(UseSharedAssemblies)' != 'true') se evaluó como ('true' != 'true')."
"Message",Low,"Se omitió la tarea ""IlcErrorTask"" debido a una condición falsa (False); ('@(UnresolvedCoreAssemblyErrorParameters)'!='') se evaluó como (''!='')."
"Message",Low,"Tarea ""RemoveDuplicates"""
"Message",Low,"Ejecución de la tarea ""RemoveDuplicates"" terminada."
"Message",Low,"Se omitió la tarea ""AddToNativePackageTask"" debido a una condición falsa (False); ('@(NeedsClrCompression)' != '') se evaluó como ('' != '')."
"Message",Low,"Tarea ""MakeDir"""
"Message",Normal,"Creando directorio ""C:\Users\alan2\Desktop\Practica_15\Servidor\AlarmDeactivate\AlarmDeactivate\obj\x64\Release\ilc\intermediate\SgGenerated""."
"Message",Low,"Ejecución de la tarea ""MakeDir"" terminada."
"Message",Low,"Tarea ""WriteLinesToFile"""
"Message",Low,"Ejecución de la tarea ""WriteLinesToFile"" terminada."
"Message",Low,"Tarea ""MakeDir"""
"Message",Normal,"Creando directorio ""C:\Users\alan2\Desktop\Practica_15\Servidor\AlarmDeactivate\AlarmDeactivate\obj\x64\Release\ilc\intermediate\ResW\""."
"Message",Low,"Ejecución de la tarea ""MakeDir"" terminada."
"Message",Low,"Se omitió la tarea ""IlcWarningTask"" debido a una condición falsa (False); ('$(BuildSharedAssemblies)' != 'true' and '@(ReducerInputFiles)' == '') se evaluó como ('false' != 'true' and 'C:\Users\alan2\Desktop\Practica_15\Servidor\AlarmDeactivate\AlarmDeactivate\obj\x64\Release\ilc\in\Properties\Default.rd.xml' == '')."
"Message",Low,"Tarea ""ILTransformTask"""
"Message",Normal,"Running 'Analysis' transform, heap at 11 MB."
"Message",Low,"Loading 73 modules..."
"Message",Normal,"Imported reflection directives from 11 files:"
"Message",Normal,"C:\Users\alan2\Desktop\Practica_15\Servidor\AlarmDeactivate\AlarmDeactivate\obj\x64\Release\ilc\in\Properties\Default.rd.xml"
"Message",Normal,"Embedded manifest in System.Diagnostics.Tracing: Resources.System.Diagnostics.Tracing.rd.xml"
"Message",Normal,"Embedded manifest in System.Runtime.Serialization.Primitives: System.Runtime.Serialization.Primitives.Resources.System.Runtime.Serialization.Primitives.rd.xml"
"Message",Normal,"Embedded manifest in System.Private.Reflection: System.Private.Reflection.rd.xml"
"Message",Normal,"Embedded manifest in System.Private.CoreLib: Resources.System.Private.CoreLib.rd.xml"
"Message",Normal,"Embedded manifest in System.Private.Uri: Resources.System.Private.Uri.rd.xml"
"Message",Normal,"Embedded manifest in System.Private.Reflection.Core: System.Private.Reflection.Core.rd.xml"
"Message",Normal,"Embedded manifest in System.Private.Interop: Resources.System.Private.Interop.rd.xml"
"Message",Normal,"Embedded manifest in System.Private.DataContractSerialization: System.Private.DataContractSerialization.Resources.System.Private.DataContractSerialization.rd.xml"
"Message",Normal,"Embedded manifest in System.Xml.ReaderWriter: System.Xml.Resources.System.Xml.ReaderWriter.rd.xml"
"Message",Normal,"Embedded manifest in System.Xml.XmlSerializer: System.Xml.XmlSerializer.Resources.System.Xml.XmlSerializer.rd.xml"
"Message",Normal,"Imported XAML Roots from 1 files:"
"Message",Normal,"C:\Users\alan2\Desktop\Practica_15\Servidor\AlarmDeactivate\AlarmDeactivate\obj\x64\Release\ilc\in\AlarmDeactivate.xr.xml"
"Message",Normal,"Running 'Mcg' transform, heap at 150 MB."
"Message",High,"Computing application closure and generating interop code"
"Message",Normal,"  List of .lib files:"
"Message",Normal,"      WindowsApp.lib"
"Message",Normal,"  List of .lib search paths:"
"Message",Normal,"      C:\Program Files (x86)\Windows Kits\10\lib\10.0.14393.0\um\x64"
"Message",Normal,"  Loading exports from libs..."
"Message",Normal,"      2543 exports read from 'C:\Program Files (x86)\Windows Kits\10\lib\10.0.14393.0\um\x64\WindowsApp.lib'."
"Message",Normal,"  Loading 73 modules..."
"Message",Normal,"  Generating code..."
"Message",Normal,"      Resolving P/invokes..."
"Message",Normal,"          P/Invoke 'RhWaitForPendingFinalizers' could not be resolved but ExactSpelling specified , defaulting to [MRT]!RhWaitForPendingFinalizers"
"Message",Normal,"          P/Invoke 'RhCompatibleReentrantWaitAny' could not be resolved but ExactSpelling specified , defaulting to [MRT]!RhCompatibleReentrantWaitAny"
"Message",Normal,"          P/Invoke '_ecvt_s' could not be resolved but ExactSpelling specified , defaulting to [MRT]!_ecvt_s"
"Message",Normal,"          P/Invoke 'memmove' could not be resolved but ExactSpelling specified , defaulting to [MRT]!memmove"
"Message",Normal,"          P/Invoke 'CallingConventionConverter_GetStubs' could not be resolved but ExactSpelling specified , defaulting to *!CallingConventionConverter_GetStubs"
"Message",Normal,"          P/Invoke 'GetLastError' resolved to api-ms-win-core-errorhandling-l1-1-1.dll!GetLastError"
"Message",Normal,"          P/Invoke 'RoInitialize' resolved to api-ms-win-core-winrt-l1-1-0.dll!RoInitialize"
"Message",Normal,"          P/Invoke 'IsValidLocaleName' resolved to api-ms-win-core-localization-l1-2-1.dll!IsValidLocaleName"
"Message",Normal,"          P/Invoke 'ResolveLocaleName' resolved to api-ms-win-core-localization-l1-2-1.dll!ResolveLocaleName"
"Message",Normal,"          P/Invoke 'GetCPInfoExW' resolved to api-ms-win-core-localization-l1-2-1.dll!GetCPInfoExW"
"Message",Normal,"          P/Invoke 'FormatMessageW' resolved to api-ms-win-core-localization-l1-2-1.dll!FormatMessageW"
"Message",Normal,"          P/Invoke 'ioctlsocket' resolved to ws2_32.dll!#10"
"Message",Normal,"          P/Invoke 'bind' resolved to ws2_32.dll!#2"
"Message",Normal,"          P/Invoke 'shutdown' resolved to ws2_32.dll!#22"
"Message",Normal,"          P/Invoke 'setsockopt' resolved to ws2_32.dll!#21"
"Message",Normal,"          P/Invoke 'recv' resolved to ws2_32.dll!#16"
"Message",Normal,"          P/Invoke 'WSASocketW' resolved to ws2_32.dll!WSASocketW"
"Message",Normal,"          P/Invoke 'gethostname' resolved to ws2_32.dll!#57"
"Message",Normal,"          P/Invoke 'getsockname' resolved to ws2_32.dll!#6"
"Message",Normal,"          P/Invoke 'getpeername' resolved to ws2_32.dll!#5"
"Message",Normal,"          P/Invoke 'WSAStartup' resolved to ws2_32.dll!#115"
"Message",Normal,"          P/Invoke 'getsockopt' resolved to ws2_32.dll!#7"
"Message",Normal,"          P/Invoke 'WSASocketW' resolved to ws2_32.dll!WSASocketW"
"Message",Normal,"          P/Invoke 'closesocket' resolved to ws2_32.dll!#3"
"Message",Normal,"          P/Invoke 'select' resolved to ws2_32.dll!#18"
"Message",Normal,"          P/Invoke 'select' resolved to ws2_32.dll!#18"
"Message",Normal,"          P/Invoke 'ioctlsocket' resolved to ws2_32.dll!#10"
"Message",Normal,"          P/Invoke 'WSAEventSelect' resolved to ws2_32.dll!WSAEventSelect"
"Message",Normal,"          P/Invoke 'setsockopt' resolved to ws2_32.dll!#21"
"Message",Normal,"          P/Invoke 'getsockopt' resolved to ws2_32.dll!#7"
"Message",Normal,"          P/Invoke 'getsockopt' resolved to ws2_32.dll!#7"
"Message",Normal,"          P/Invoke 'getsockopt' resolved to ws2_32.dll!#7"
"Message",Normal,"          P/Invoke 'WSASendTo' resolved to ws2_32.dll!WSASendTo"
"Message",Normal,"          P/Invoke 'WSARecvFrom' resolved to ws2_32.dll!WSARecvFrom"
"Message",Normal,"          P/Invoke 'WSAGetOverlappedResult' resolved to ws2_32.dll!WSAGetOverlappedResult"
"Message",Normal,"          P/Invoke 'WSASend' resolved to ws2_32.dll!WSASend"
"Message",Normal,"          P/Invoke 'RtlIpv6AddressToStringExW' resolved to ntdll.dll!RtlIpv6AddressToStringExW"
"Message",Normal,"          P/Invoke 'RtlIpv4AddressToStringExW' resolved to ntdll.dll!RtlIpv4AddressToStringExW"
"Message",Normal,"          P/Invoke 'CoCreateInstance' could not be resolved but ExactSpelling specified , defaulting to api-ms-win-core-com-l1-1-0.dll!CoCreateInstance"
"Message",Normal,"          P/Invoke 'SysFreeString' resolved to oleaut32.dll!#6"
"Message",Normal,"          P/Invoke 'RoGetBufferMarshaler' resolved to api-ms-win-core-winrt-robuffer-l1-1-0.dll!RoGetBufferMarshaler"
"Message",Normal,"          P/Invoke 'CreateThreadpoolIo' resolved to api-ms-win-core-threadpool-l1-2-0.dll!CreateThreadpoolIo"
"Message",Normal,"          P/Invoke 'StartThreadpoolIo' resolved to api-ms-win-core-threadpool-l1-2-0.dll!StartThreadpoolIo"
"Message",Normal,"          P/Invoke 'CancelThreadpoolIo' resolved to api-ms-win-core-threadpool-l1-2-0.dll!CancelThreadpoolIo"
"Message",Normal,"          P/Invoke 'CloseThreadpoolIo' resolved to api-ms-win-core-threadpool-l1-2-0.dll!CloseThreadpoolIo"
"Message",Normal,"  Interop code generated."
"Message",Normal,"  Written code to AssemblyInfo.g.cs"
"Message",Normal,"  Written code to Adapters.g.cs"
"Message",Normal,"  Written code to Data.g.cs"
"Message",Normal,"  Written code to Helpers.g.cs"
"Message",Normal,"  Written code to ImplTypes.g.cs"
"Message",Normal,"  Written code to PInvoke.g.cs"
"Message",Normal,"  Written code to SafeTypes.g.cs"
"Message",Normal,"  Written code to SharedStubs.g.cs"
"Message",Normal,"  Written code to AlarmDeactivate.ITFProxy.g.cs"
"Message",Normal,"Running 'CompileMcgSourceAndSerializationAssemblyGenerator' transform, heap at 208 MB."
"Message",High,"Generating serialization code"
"Message",High,"Compiling interop code"
"Message",Low,"Compiling MCG output with arguments:  /debug:""pdbonly"" /nowarn:""0436;0618;1668;1685;1701;1702"" /debug+ /nostdlib+ /optimize+ /out:""C:\Users\alan2\Desktop\Practica_15\Servidor\AlarmDeactivate\AlarmDeactivate\obj\x64\Release\ilc\intermediate\AlarmDeactivate.McgInterop.dll"" /pdb:""C:\Users\alan2\Desktop\Practica_15\Servidor\AlarmDeactivate\AlarmDeactivate\obj\x64\Release\ilc\intermediate\AlarmDeactivate.McgInterop.pdb"" /platform:""x64"" /warnaserror+ /unsafe /noconfig /nologo /target:library /define:""WIN64"" /define:""AMD64"" /define:""ALIGN_ACCESS"" /define:""MCG_PRE_BUILD"" /r:""C:\Program Files (x86)\MSBuild\15.0\.Net\.NetNative\15.0.24211\x64\ilc\lib\Private\System.Private.Corelib.dll"" /r:""C:\Program Files (x86)\MSBuild\15.0\.Net\.NetNative\15.0.24211\x64\ilc\lib\Private\System.Private.Corelib.InteropServices.dll"" /r:""C:\Program Files (x86)\MSBuild\15.0\.Net\.NetNative\15.0.24211\x64\ilc\lib\Private\System.Private.Interop.dll"" /r:""C:\Users\alan2\Desktop\Practica_15\Servidor\AlarmDeactivate\AlarmDeactivate\obj\x64\Release\ilc\in\System.Private.Uri.dll"" /r:""C:\Program Files (x86)\MSBuild\15.0\.Net\.NetNative\15.0.24211\x64\ilc\lib\Private\System.Private.CompilerServices.ICastable.dll"" /r:""C:\Program Files (x86)\MSBuild\15.0\.Net\.NetNative\15.0.24211\x64\ilc\lib\Private\System.Private.Reflection.dll"" /r:""C:\Program Files (x86)\MSBuild\15.0\.Net\.NetNative\15.0.24211\x64\ilc\lib\Private\System.Private.DispatchProxy.dll"" /r:""C:\Users\alan2\Desktop\Practica_15\Servidor\AlarmDeactivate\AlarmDeactivate\obj\x64\Release\ilc\in\System.Reflection.DispatchProxy.dll"" /r:""C:\Users\alan2\Desktop\Practica_15\Servidor\AlarmDeactivate\AlarmDeactivate\obj\x64\Release\ilc\in\System.Reflection.dll"" /r:""C:\Users\alan2\Desktop\Practica_15\Servidor\AlarmDeactivate\AlarmDeactivate\obj\x64\Release\ilc\in\System.Runtime.dll"" /r:""C:\Users\alan2\Desktop\Practica_15\Servidor\AlarmDeactivate\AlarmDeactivate\obj\x64\Release\ilc\in\System.Runtime.InteropServices.dll"" /r:""C:\Users\alan2\Desktop\Practica_15\Servidor\AlarmDeactivate\AlarmDeactivate\obj\x64\Release\ilc\in\System.Runtime.InteropServices.WindowsRuntime.dll"" /r:""C:\Users\alan2\Desktop\Practica_15\Servidor\AlarmDeactivate\AlarmDeactivate\obj\x64\Release\ilc\in\System.Numerics.Vectors.dll"" /r:""C:\Users\alan2\Desktop\Practica_15\Servidor\AlarmDeactivate\AlarmDeactivate\obj\x64\Release\ilc\in\System.Threading.dll"" /r:""C:\Users\alan2\Desktop\Practica_15\Servidor\AlarmDeactivate\AlarmDeactivate\obj\x64\Release\ilc\in\System.Diagnostics.Debug.dll"" /r:""C:\Users\alan2\Desktop\Practica_15\Servidor\AlarmDeactivate\AlarmDeactivate\obj\x64\Release\ilc\intermediate\TransformedSRWR\System.Runtime.WindowsRuntime.dll"" /r:""C:\Users\alan2\Desktop\Practica_15\Servidor\AlarmDeactivate\AlarmDeactivate\obj\x64\Release\ilc\in\System.Runtime.WindowsRuntime.UI.Xaml.dll"" /r:""C:\Users\alan2\Desktop\Practica_15\Servidor\AlarmDeactivate\AlarmDeactivate\obj\x64\Release\ilc\in\System.Dynamic.Runtime.dll"" /r:""C:\Program Files (x86)\MSBuild\15.0\.Net\.NetNative\15.0.24211\x64\ilc\lib\Private\System.Private.CoreLib.Augments.dll"" /r:""C:\Users\alan2\Desktop\Practica_15\Servidor\AlarmDeactivate\AlarmDeactivate\obj\x64\Release\ilc\in\System.Runtime.Extensions.dll"" /r:""C:\Users\alan2\Desktop\Practica_15\Servidor\AlarmDeactivate\AlarmDeactivate\obj\x64\Release\ilc\in\System.Collections.dll"" /r:""C:\Users\alan2\Desktop\Practica_15\Servidor\AlarmDeactivate\AlarmDeactivate\obj\x64\Release\ilc\in\System.ObjectModel.dll"" /r:""C:\Program Files (x86)\Microsoft SDKs\Windows Kits\10\ExtensionSDKs\Microsoft.NET.Native.Framework.1.3\1.3\x64\ret\AnalysisILToc\System.Private.SharedLibrary.Interop.Generated.iltoc"" ""C:\Users\alan2\Desktop\Practica_15\Servidor\AlarmDeactivate\AlarmDeactivate\obj\x64\Release\ilc\intermediate\AlarmDeactivate.ITFProxy.g.cs"" ""C:\Users\alan2\Desktop\Practica_15\Servidor\AlarmDeactivate\AlarmDeactivate\obj\x64\Release\ilc\intermediate\AlarmDeactivate.McgInterop\Adapters.g.cs"" ""C:\Users\alan2\Desktop\Practica_15\Servidor\AlarmDeactivate\AlarmDeactivate\obj\x64\Release\ilc\intermediate\AlarmDeactivate.McgInterop\AssemblyInfo.g.cs"" ""C:\Users\alan2\Desktop\Practica_15\Servidor\AlarmDeactivate\AlarmDeactivate\obj\x64\Release\ilc\intermediate\AlarmDeactivate.McgInterop\Data.g.cs"" ""C:\Users\alan2\Desktop\Practica_15\Servidor\AlarmDeactivate\AlarmDeactivate\obj\x64\Release\ilc\intermediate\AlarmDeactivate.McgInterop\Helpers.g.cs"" ""C:\Users\alan2\Desktop\Practica_15\Servidor\AlarmDeactivate\AlarmDeactivate\obj\x64\Release\ilc\intermediate\AlarmDeactivate.McgInterop\ImplTypes.g.cs"" ""C:\Users\alan2\Desktop\Practica_15\Servidor\AlarmDeactivate\AlarmDeactivate\obj\x64\Release\ilc\intermediate\AlarmDeactivate.McgInterop\PInvoke.g.cs"" ""C:\Users\alan2\Desktop\Practica_15\Servidor\AlarmDeactivate\AlarmDeactivate\obj\x64\Release\ilc\intermediate\AlarmDeactivate.McgInterop\SafeTypes.g.cs"" ""C:\Users\alan2\Desktop\Practica_15\Servidor\AlarmDeactivate\AlarmDeactivate\obj\x64\Release\ilc\intermediate\AlarmDeactivate.McgInterop\SharedStubs.g.cs"""
"Message",Normal,"The type 'System.Net.Sockets.IPAddressExtensions' is found in more than one assembly."
"Message",Normal,"file:///C:/Users/alan2/Desktop/Practica_15/Servidor/AlarmDeactivate/AlarmDeactivate/obj/x64/Release/ilc/in/System.Net.NameResolution.dll"
"Message",Normal,"file:///C:/Users/alan2/Desktop/Practica_15/Servidor/AlarmDeactivate/AlarmDeactivate/obj/x64/Release/ilc/in/System.Net.Sockets.dll"
"Message",Normal,"The assembly 'System.Runtime.WindowsRuntime.dll' is found in more than one folder."
"Message",Normal,"file:///C:/Users/alan2/Desktop/Practica_15/Servidor/AlarmDeactivate/AlarmDeactivate/obj/x64/Release/ilc/intermediate/TransformedSRWR/System.Runtime.WindowsRuntime.dll"
"Message",Normal,"C:\Users\alan2\Desktop\Practica_15\Servidor\AlarmDeactivate\AlarmDeactivate\obj\x64\Release\ilc\in\System.Runtime.WindowsRuntime.dll"
"Message",Normal,"The assembly 'AlarmDeactivate.exe' is found in more than one folder."
"Message",Normal,"file:///C:/Users/alan2/Desktop/Practica_15/Servidor/AlarmDeactivate/AlarmDeactivate/obj/x64/Release/ilc/intermediate/PreMergeILTransformed/AlarmDeactivate.exe"
"Message",Normal,"C:\Users\alan2\Desktop\Practica_15\Servidor\AlarmDeactivate\AlarmDeactivate\obj\x64\Release\ilc\in\AlarmDeactivate.exe"
"Message",Normal,"The type 'System.DBNull' is found in more than one assembly."
"Message",Normal,"file:///C:/Users/alan2/Desktop/Practica_15/Servidor/AlarmDeactivate/AlarmDeactivate/obj/x64/Release/ilc/in/System.Data.Common.dll"
"Message",Normal,"file:///C:/Program Files (x86)/MSBuild/15.0/.Net/.NetNative/15.0.24211/x64/ilc/lib/Private/System.Private.Reflection.Core.dll"
